Workbook
Name _____COX2: '[1]Determine K factor'!$B$7
Name _____NIT2: '[1]Determine K factor'!$B$9
Name _____OX2: '[1]Determine K factor'!$B$6
Name __COX2: '[2]Determine K factor'!$B$7
Name __NIT2: '[2]Determine K factor'!$B$9
Name __OX2: '[2]Determine K factor'!$B$6
Name Aa01_: '피토관,노즐표'!$D$20:$D$25
Name Aa02_03_04: '피토관,노즐표'!$E$20:$E$26
Name Aa05_06: '피토관,노즐표'!$F$20:$F$26
Name Aa07_: '피토관,노즐표'!$G$20:$G$26
Name An: '[2]Test Results'!$F$20
Name As: '[2]Test Results'!$B$19
Name Bwo: '[2]Determine K factor'!$B$10
Name calc_tm: '[2]Test Results'!$B$17
Name calc_ts: '[2]Test Results'!$B$13
Name COX: '[2]Determine K factor'!$B$8
Name Cp: '[2]Determine K factor'!$B$20
Name DH: '[2]Determine K factor'!$B$16
Name DHa: '[2]Determine K factor'!$B$15
Name Dn: '[2]Determine K factor'!$B$22
Name Dp: '[2]Determine K factor'!$B$14
Name Kf: '[2]Determine K factor'!$F$17
Name Md: '[2]Determine K factor'!$F$9
Name Ms: '[2]Determine K factor'!$F$10
Name Pb: '[2]Determine K factor'!$B$11
Name Pg: '[2]Determine K factor'!$B$12
Name Pm: '[2]Determine K factor'!$F$7
Name PM10_: '피토관,노즐표'!$J$20:$J$31
Name PM2.5_: '피토관,노즐표'!$K$20:$K$25
Name Ps: '[2]Determine K factor'!$F$5
Name Qa: '[2]Test Results'!$F$18
Name rel_tm: '[2]Determine K factor'!$B$18
Name rel_ts: '[2]Determine K factor'!$B$13
Name theta: '[2]Determine K factor'!$B$17
Name Tm: '[2]Determine K factor'!$F$8
Name Ts: '[2]Determine K factor'!$F$6
Name units: '[2]Determine K factor'!$F$23
Name Vlc: '[2]Test Results'!$B$10
Name Vm: '[2]Test Results'!$B$21
Name Vmstd: '[2]Test Results'!$F$9
Name Vr: '[2]Determine K factor'!$B$19
Name vs: '[2]Test Results'!$F$17
Name Yd: '[2]Determine K factor'!$B$21
Name 가스상시간: '한종_시료채취기록지 '!$E$34:$H$44
Name 가스상항목: '한종_시료채취기록지 '!$A$34:$A$44
Name 가스상항목시간: '한종_시료채취기록지 '!$A$34:$H$44
Name 기기번호: '피토관,노즐표'!$X$5:$X$11
Name 기술인력들: '피토관,노즐표'!$R$20:$R$32
Name 노즐목록: '피토관,노즐표'!$B$20:$B$27
Name 누출검사: '한종_시료채취기록지 '!$AG$15:$AG$16
Name 누출검사: '한종_시료채취기록지 (사용X)'!$Z$14:$Z$15
Name 누출검사단위: '한종_시료채취기록지 '!$AG$11:$AG$12
Name 누출검사단위: '한종_시료채취기록지 (사용X)'!$Z$10:$Z$11
Name 단위: '대기측정 분석결과서'!$AH$23:$AH$72
Name 먼지_중금속: '피토관,노즐표'!$AB$7:$AB$10
Name 미세먼지: '피토관,노즐표'!$AG$7:$AG$8
Name 수은_1: '피토관,노즐표'!$H$20:$H$26
Name 수은_2: '피토관,노즐표'!$I$20:$I$26
Name 수은1팀: '피토관,노즐표'!$AC$7
Name 수은2팀: '피토관,노즐표'!$AD$7

Sheet 포화수증기압 표 
A1: 온도[℃] | B1: 포화수증기압[㎜Hg]
A2: 0 | B2: 4.585 | E2: 배가스의
A3: 1 | B3: 4.929 | D3: 온도[℃] | E3: 포화수증기압[㎜Hg]
A4: 2 | B4: 5.295 | D4: ='먼지측정 사전 Data'!R69 -> #DIV/0! | E4: =LOOKUP(D4,A2:A102,B2:B102) -> #DIV/0!
A5: 3 | B5: 5.686
A6: 4 | B6: 6.102
A7: 5 | B7: 6.545
A8: 6 | B8: 7.016
A9: 7 | B9: 7.516
A10: 8 | B10: 8.048
A11: 9 | B11: 8.613
A12: 10 | B12: 9.212
A13: 11 | B13: 9.848
A14: 12 | B14: 10.52
A15: 13 | B15: 11.24
A16: 14 | B16: 11.99
... A102: 100 | B102: 760.7

Sheet Nozzle,K Factor
A1: Nozzle Size | AF1: K-Factor
J5: 0.0358 | M5: X | N5: =Y36 -> 5.184 | R5: X | S5: =J33 -> 0 | X5: =Y34+460 -> #DIV/0! | AA5: X | AB5: =J30 -> 8.03989e-05 | AE5: KF= | AH5: KstdCp2(ΔH@) | AN5: (Tm+Tconversion) | AU5: X | AV5: Ps | AX5: X | AY5: Md | BA5: (1-Bwo)2X | BE5: (Dn)4
A6: =SQRT(((J5*N5*S5)/(J7*N7*S7))*SQRT((X5*AB5)/(X7*AB7))) -> #DIV/0! | E6: = | V6: X | AN6: (Ts+Tconversion) | AV6: Pb | AY6: Ms
J7: =Y20+460 -> #DIV/0! | M7: X | N7: 0.84 | R7: X | S7: =1-J37 -> #DIV/0! | X7: =Y31 -> -0.0086879384 | AA7: X | AB7: =SQRT(J32) -> 2.236068
AF8: KF= | AH8: =((AH10*AK10*AM10)*((AQ10+273)/(AQ11+273))*(AV10/AV11)*(AY10/AY11)*BA10*BE10) -> #DIV/0!
B10: Nozzle Size(구형) | R10: Nozzle Size(신형) | AH10: =J30 -> 8.03989e-05 | AK10: =('먼지측정 사전 Data'!H65)^2 -> 0 | AM10: ='먼지측정 사전 Data'!H63 -> 0 | AP10: ( | AQ10: =J20 -> #DIV/0! | AS10: +273) | AU10: X | AV10: =J27 -> #DIV/0! | AX10: X | AY10: =J28 -> 28 | BA10: =(1-J37)^2 -> #DIV/0! | BD10: X | BE10: =I17^4 -> 24335.579
C11: inch | F11: cm | I11: mm | L11: cm2 | S11: inch | V11: cm | Y11: mm | AB11: cm2 | AP11: ( | AQ11: =J34 -> #DIV/0! | AS11: +273) | AV11: =J19 -> 0 | AY11: =J29 -> #DIV/0!
B12: 1. | C12: 0.12559 | F12: =C12*2.54 -> 0.3189986 | I12: =F12*10 -> 3.189986 | L12: =3.14*(F12/2)^2 -> 0.079881684 | R12: 1. | S12: 0.12402 | V12: =S12*2.54 -> 0.3150108 | Y12: =V12*10 -> 3.150108 | AB12: =3.14*(V12/2)^2 -> 0.077896966
B13: 2. | C13: 0.17677 | F13: =C13*2.54 -> 0.4489958 | I13: =F13*10 -> 4.489958 | L13: =3.14*(F13/2)^2 -> 0.15825382 | R13: 2. | S13: 0.17126 | V13: =S13*2.54 -> 0.4350004 | Y13: =V13*10 -> 4.350004 | AB13: =3.14*(V13/2)^2 -> 0.1485419
B14: 3. | C14: 0.24645 | F14: =C14*2.54 -> 0.625983 | I14: =F14*10 -> 6.25983 | L14: =3.14*(F14/2)^2 -> 0.30760595 | R14: 3. | S14: 0.24213 | V14: =S14*2.54 -> 0.6150102 | Y14: =V14*10 -> 6.150102 | AB14: =3.14*(V14/2)^2 -> 0.29691647
B15: 4. | C15: 0.30354 | F15: =C15*2.54 -> 0.7709916 | I15: =F15*10 -> 7.709916 | L15: =3.14*(F15/2)^2 -> 0.46662602 | R15: 4. | S15: 0.29724 | V15: =S15*2.54 -> 0.7549896 | Y15: =V15*10 -> 7.549896 | AB15: =3.14*(V15/2)^2 -> 0.4474573
B16: 5. | C16: 0.37086 | F16: =C16*2.54 -> 0.9419844 | I16: =F16*10 -> 9.419844 | L16: =3.14*(F16/2)^2 -> 0.69655767 | R16: 5. | S16: 0.36024 | V16: =S16*2.54 -> 0.9150096 | Y16: =V16*10 -> 9.150096 | AB16: =3.14*(V16/2)^2 -> 0.65723542
B17: 6. | C17: 0.49173 | F17: =C17*2.54 -> 1.2489942 | I17: =F17*10 -> 12.489942 | L17: =3.14*(F17/2)^2 -> 1.2245894 | R17: 6. | S17: 0.42717 | V17: =S17*2.54 -> 1.0850118 | Y17: =V17*10 -> 10.850118 | AB17: =3.14*(V17/2)^2 -> 0.92414173
R18: 7. | S18: 0.49015 | V18: =S18*2.54 -> 1.244981 | Y18: =V18*10 -> 12.44981 | AB18: =3.14*(V18/2)^2 -> 1.2167325
A19: 1. | B19: 대기압 | I19: : | J19: ='먼지측정 사전 Data'!H20 -> 0 | O19: mmHg | Y19: =J19/25.4 -> 0 | AC19: inchHg
A20: 2. | B20: 가스메타온도™ | I20: : | J20: ='먼지측정 사전 Data'!R74 -> #DIV/0! | O20: ℃ | Y20: =((9/5)*J20)+32 -> #DIV/0! | AC20: ℉
A21: 3. | B21: 동압 | I21: : | J21: 2 | O21: mmH2O
A22: 4. | B22: 정압 | I22: : | J22: ='먼지측정 사전 Data'!R71 -> #DIV/0! | O22: mmH2O
A23: 5. | B23: O2% | I23: : | J23: ='먼지측정 사전 Data'!H14 -> 0 | O23: %
A24: 6. | B24: CO2% | I24: : | J24: ='먼지측정 사전 Data'!H16 -> 0 | O24: %
A25: 7. | B25: CO% | I25: : | J25: ='먼지측정 사전 Data'!H17 -> 0
A26: 8. | B26: N2% | I26: : | J26: ='먼지측정 사전 Data'!H19 -> 100 | O26: %
A27: 9. | B27: Absolute Stack Pressure(Ps) | I27: : | J27: =('먼지측정 사전 Data'!H20)+('먼지측정 사전 Data'!R71/13.6) -> #DIV/0! | O27: mmHg
A28: 10. | B28: Md | I28: : | J28: =((0.32*J23)+(0.44*J24)+(0.28*J26)+(0.28*J25)) -> 28
A29: 11. | B29: Ms | I29: : | J29: =(J28*(1-J37))+(J37*18.01) -> #DIV/0!
A30: 12. | B30: Kstd | I30: : | J30: =8.03989*10^-5 -> 8.03989e-05
A31: 13. | B31: G.A.P(Ps) | I31: : | J31: -3 | O31: mmH2O | Y31: =Y19+(J31*(760/10332)*(1/25.4)) -> -0.0086879384 | AC31: inchHg
A32: 14. | B32: 동압(Δp) | I32: : | J32: 5 | O32: mmH2O | Y32: =J32*((760/10332)*(1/25.4)) -> 0.014479897 | AC32: inchHg
A33: 15. | B33: A.M.P(Pm) | I33: : | J33: =Y19 -> 0 | O33: inchHg
A34: 16. | B34: 배가스온도(Ts) | I34: : | J34: ='먼지측정 사전 Data'!R69 -> #DIV/0! | O34: ℃ | Y34: =((9/5)*J34)+32 -> #DIV/0! | AC34: ℉
A35: 17. | B35: 오리피스차압ΔH | I35: : | J35: 22.854 | O35: mmH2O | Y35: =J35*((760/10332)*(1/25.4)) -> 0.066184715 | AC35: inchHg
A36: 18. | B36: 포집유량(Qm) | I36: : | J36: 3 | O36: Ft3 | Y36: =J36*1.728 -> 5.184 | AC36: inch3
A37: 19. | B37: 수분량(Bws) | I37: : | J37: =('먼지측정 사전 Data'!H59)/100 -> #DIV/0!
A38: 20. | B38: P's.t.v.An | I38: :
A39: 21. | I39: :
A40: 22. | I40: :
A41: 23. | I41: :
A42: 24. | I42: :
A43: 25. | I43: :

Sheet 먼지측정 사전 Data
A1: Lee ISO% Program
A3: 0. 사전정보
A4: 채 취 자 (팀) | G4: : | N4: 접수번호:
A5: 시료분석기간 | G5: : | H5: =TEXT(N6,"yyyy-mm-dd")&" ~ "&TEXT(R5,"yyyy-mm-dd") -> 2026-02-06 ~ 1900-01-00 | M5: 채취일 | O5: =N5 -> 0 | P5: 0 | Q5: 분석완료일 | S5: =R5 -> 0
A6: 총 채취시간 | G6: : | J6: ~ | M6: 접수일 | N6: 46059 | Q6: 성적서발행일 | R6: 46066 | S6: =R6 -> 46066
A7: 기 후 조 건 | G7: : | H7: 대기압(Hpa) | J7: 기상 | L7: 기온(℃) | N7: 습도(%) | O7: 풍향(풍) | P7: 풍속(m/s)
H9: 대기압(mmHg) | M9: =ROUND(H8*760/1013.25,1) -> 0
A11: 1.연소가스 분석기 Parts.
A13: O2(산소측정값) | G13: : | M13: % | O13: 표준산소(%) | R13: 20.9 | T13: 산소보정항목 없을 시 20.9 기입해주세요 20.9 안 할 시 적힌 숫자대로 유량이 보정되어버립니다
H14: =ROUND((H13+J13+L13)/3,1) -> 0
A15: CO2(이산화탄소) | G15: : | M15: % | O15: 산소보정계수 | R15: =IF(R13=20.9,"-",(21-R13)/(21-H14)) -> -
H16: =ROUND((H15+J15+L15)/3,1) -> 0
A17: CO(일산화탄소) | G17: : | M17: % | O17: 배가스밀도(ro) | R17: =ROUND(((32*H14+44*H16+28*H19)*(100-H59)/100+(18*H59))/(22.4*100),2) -> #DIV/0!
H18: =ROUND((H17+J17+L17)/3,1) -> 0
A19: N2(질소) | G19: : | H19: =100-(H14+H16+H17) -> 100 | M19: % | T19: -> | U19: 32 | V19: * | W19: =H14 -> 0 | X19: + | Y19: 44 | Z19: * | AA19: =H16 -> 0 | AB19: + | AC19: 28 | AD19: * | AE19: =H19 -> 100 | AF19: * | AG19: 100 | AH19: - | AI19: =H59 -> #DIV/0! | AJ19: / | AK19: 100 | AL19: + | AM19: 18 | AN19: * | AO19: =H59 -> #DIV/0!
A20: 측정공의대기압 | G20: : | H20: =M9 -> 0 | M20: mmHg | Y20: 22.4 | Z20: * | AA20: 100
F21: NOx | M21: =ROUND((H21+J21+L21)/3,1) -> 0 | O21: ro 는 1~1.3 이면 적당
A22: 2.측정점 산정 Parts. | F22: SOx | M22: =ROUND((H22+J22+L22)/3,1) -> 0 | O22: CO | V22: =ROUND((Q22+S22+U22)/3,1) -> 0
A24: 굴뚝직경 (2R)(m) | D24: 반경 구분수 | F24: 측정점 수 | I24: 굴뚝중심에서 측정점까지의 거리(m)
I25: r1 | K25: r2 | M25: r3 | O25: r4 | Q25: r5
A26: 1이하 | D26: 1 | F26: 4 | I26: 0.707 | K26: - | M26: - | O26: - | Q26: -
A27: 1초과 2이하 | D27: 2 | F27: 8 | I27: 0.5 | K27: 0.866 | M27: - | O27: - | Q27: -
A28: 2초과 4이하 | D28: 3 | F28: 12 | I28: 0.408 | K28: 0.707 | M28: 0.913 | O28: - | Q28: -
A29: 4초과 4.5이하 | D29: 4 | F29: 16 | I29: 0.354 | K29: 0.612 | M29: 0.791 | O29: 0.935 | Q29: -
A30: 4.5초과 | D30: 5 | F30: 20 | I30: 0.316 | K30: 0.548 | M30: 0.707 | O30: 0.837 | Q30: 0.949
A31: 연도직경(m)원형 | F31: 연도 단면적(m2) | K31: =IF(D31>0,ROUND(PI()*D31*D31/4,3),ROUND(D33*E33,3)) -> 0 | M31: 플랜지 길이(m) | Q31: 0 | S31: 최종직경 | U31: =D31 -> 0
A33: 연도직경(m)사각형 가로x세로 | F33: 수평유무(0,1) | J33: 0
A35: ▣ 플렌지 끝에서 굴뚝 안쪽으로 Probe삽입길이 ▣ | M35: 측정점: | N35: =COUNT(D39:N44) -> 1
A37: 굴뚝직경 (2R)(m) | D37: r1 | F37: r2 | I37: r3 | K37: r4 | M37: r5
A39: 0.564(A=0.250)이하 | D39: =IF(D31>0.564,"",(D31/2)+Q31) -> 0 | F39: - | I39: - | K39: - | M39: -
A40: 1이하 | D40: =IF(AND(U31<=1,U31>0.564),((D31/2-(D31/2)*I26)+Q31),"") | F40: - | I40: - | K40: - | M40: -
A41: 1초과 2이하 | D41: =IF(AND(U31>1,U31<=2),((D31/2-(D31/2)*I27)+Q31),"") | F41: =IF(AND(U31>1,U31<=2),((D31/2-(D31/2)*K27)+Q31),"") | I41: - | K41: - | M41: -
A42: 2초과 4이하 | D42: =IF(AND(U31>2,U31<=4),((D31/2-(D31/2)*I28)+Q31),"") | F42: =IF(AND(U31>2,U31<=4),((D31/2-(D31/2)*K28)+Q31),"") | I42: =IF(AND(U31>2,U31<=4),((D31/2-(D31/2)*M28)+Q31),"") | K42: - | M42: -
A43: 4초과 4.5이하 | D43: =IF(AND(U31>4,U31<=4.5),(((D31/2)-(D31/2)*I29)+Q31),"") | F43: =IF(AND(U31>4,U31<=4.5),(((D31/2)-(D31/2)*K29)+Q31),"") | I43: =IF(AND(U31>4,U31<=4.5),(((D31/2)-(D31/2)*M29)+Q31),"") | K43: =IF(AND(U31>4,U31<=4.5),(((D31/2)-(D31/2)*O29)+Q31),"") | M43: -
A44: 4.5초과 | D44: =IF(U31<=4.5,"",(((D31/2)-(D31/2)*I30)+Q31)) | F44: =IF(U31<=4.5,"",(((D31/2)-(D31/2)*K30)+Q31)) | I44: =IF(U31<=4.5,"",(((D31/2)-(D31/2)*M30)+Q31)) | K44: =IF(U31<=4.5,"",(((D31/2)-(D31/2)*O30)+Q31)) | M44: =IF(U31<=4.5,"",(((D31/2)-(D31/2)*Q30)+Q31))
A46: 3.수분량 Parts.
A48: 측정전 흡수병1+2의 무게 | G48: : | M48: g
A49: 측정후 흡수병1+2의 무게 | G49: : | M49: g
A50: 흡수병전후무게(Ma) | G50: : | H50: =H49-H48 -> 0 | M50: g
A51: 가스메타입구온도 | G51: : | M51: ℃
A52: 가스메타출구온도 | G52: : | M52: ℃
A53: 가스메타평균온도 | G53: : | H53: =(H51+H52)/2 -> 0 | M53: ℃
A54: 흡인유속 | G54: : | M54: L/min
A55: 가스메타Gauge 압력 | G55: : | H55: =T55/25.4 -> 0.46456693 | M55: inchH2O | O55: =ROUND(H55*25.4/13.6,2) -> 0.87 | R55: mmHg | T55: 11.8 | U55: mmH2O
A56: M-6가스메타 초기값 | G56: : | M56: L | T56: 11.8 | U56: 0.87
A57: M-6가스메타 최종값 | G57: : | M57: L | T57: 14 | U57: 1
A58: 흡입한 건조 가스량(Vm) | G58: : | H58: =H57-H56 -> 0 | M58: L
A59: 수분량 | G59: : | H59: =IF(Q60=1,Q59,ROUND((((22.4/18)*H50)/((H58*(273/(273+H53))*((H20+O55)/760))+((22.4/18)*H50)))*100,2)) -> #DIV/0! | M59: % | O59: 포화 수분 | Q59: =ROUND(('포화수증기압 표 '!E4/('먼지측정 사전 Data'!H20+'먼지측정 사전 Data'!U71))*100,2) -> #DIV/0! | S59: %
O60: 트리거(0,1) | Q60: 0
A61: 4.등속흡인계수(I% Factor) Parts.
A63: M5 오리피스관 보정계수(Avg.△H@) | G63: : | M63: mmH2O | O63: 먼지_중금속
A64: M5 가스미터 보정계수(Avg. Yd) | G64: : | M64: -
A65: 피토관 계수 | G65: : | M65: -
A67: 측정점 | G67: : | H67: R1 | J67: R2 | L67: R3 | N67: R4 | P67: R5 | R67: 평균
A69: 배출가스 온도(℃) | G69: : | R69: =ROUND(AVERAGEIF(H69:P69,"<>0"),1) -> #DIV/0!
A70: 동압(mmH2O) | G70: : | R70: =ROUND(AVERAGEIF(H70:P70,"<>0"),1) -> #DIV/0! | U70: 배출가스평균정압
A71: 정압(mmH2O) | G71: : | R71: =ROUND(AVERAGEIF(H71:P71,"<>0"),1) -> #DIV/0! | U71: =ROUND(R71/13.6,2) -> #DIV/0! | V71: mmHg
A72: DGM입구 온도(℃) | G72: : | R72: =ROUND(AVERAGEIF(H72:P72,"<>0"),1) -> #DIV/0!
A73: DGM출구 온도(℃) | G73: : | R73: =ROUND(AVERAGEIF(H73:P73,"<>0"),1) -> #DIV/0!
A74: DGM평균 온도(℃) | G74: : | H74: =ROUND(((H72+H73)/2),1) -> 0 | J74: =IF($N$35>1,ROUND(((J72+J73)/2),1),"") | L74: =IF($N$35>2,ROUND(((L72+L73)/2),1),"") | N74: =IF($N$35>3,ROUND(((N72+N73)/2),1),"") | P74: =IF($N$35>4,ROUND(((P72+P73)/2),1),"") | R74: =ROUND(AVERAGEIF(H74:Q74,"<>0"),1) -> #DIV/0!
A75: 채취 시간(분) | G75: : | R75: =SUM(H75:P75) -> 0
A76: 채취요구량(M3) | G76: : | H76: =0.4/(COUNT(J70:Q70)+1) -> 0.4 | J76: =IF($N$35>1,$H$76,"") | L76: =IF($N$35>2,$H$76,"") | N76: =IF($N$35>3,$H$76,"") | P76: =IF($N$35>4,$H$76,"") | R76: =SUM(H76:P76) -> 0.4
A77: 예상채취량(M3) | G77: : | H77: =ROUND(((100*(760+(H71/13.6))*H75*H82*((H84/2)^2*3.14)*(273+H74)/(16670*(273+H69)))-(0.00346*H83*(273+H74)))/(H20+(H86/13.6)),5) -> #DIV/0! | J77: =IF($N$35>1,ROUND(((100*(760+(J71/13.6))*J75*J82*((J84/2)^2*3.14)*(273+J74)/(16670*(273+J69)))-(0.00346*J83*(273+J74)))/(H20+(J86/13.6)),5),"") | L77: =IF($N$35>2,ROUND(((100*(760+(L71/13.6))*L75*L82*((L84/2)^2*3.14)*(273+L74)/(16670*(273+L69)))-(0.00346*L83*(273+L74)))/(H20+(L86/13.6)),5),"") | N77: =IF($N$35>3,ROUND(((100*(760+(N71/13.6))*N75*N82*((N84/2)^2*3.14)*(273+N74)/(16670*(273+N69)))-(0.00346*N83*(273+N74)))/(H20+(N86/13.6)),5),"") | P77: =IF($N$35>4,ROUND(((100*(760+(P71/13.6))*P75*P82*((P84/2)^2*3.14)*(273+P74)/(16670*(273+P69)))-(0.00346*P83*(273+P74)))/(H20+(P86/13.6)),5),"") | R77: =SUM(H77:P77) -> #DIV/0! | T77: M3->Ft3
A78: DGM 초기값 (M3)or(Ft3) | G78: : | R78: =SUM(H78:Q78) -> 0 | T78: 트리거(0,1) | U78: 0
A79: DGM 최종값 (M3)or(Ft3) | G79: : | R79: =SUM(H79:Q79) -> 0
A80: 실제채취값(M3) | G80: : | H80: =IF(U78=1,ROUND((H79-H78)*0.02832,5),ROUND((H79-H78),5)) -> 0 | J80: =IF($N$35>1,IF(U78=1,ROUND((J79-J78)*0.02832,5),ROUND((J79-J78),5)),"") | L80: =IF($N$35>2,IF(U78=1,ROUND((L79-L78)*0.02832,5),ROUND((L79-L78),5)),"") | N80: =IF($N$35>3,IF(U78=1,ROUND((N79-N78)*0.02832,5),ROUND((N79-N78),5)),"") | P80: =IF($N$35>4,IF(U78=1,ROUND((P79-P78)*0.02832,5),ROUND((P79-P78),5)),"") | R80: =SUM(H80:Q80) -> 0 | U80: 채취량 (Sm3)
A81: 배출가스 밀도(kg/m3) | G81: : | H81: =ROUND(R17*(273/(273+H69))*(H20+ROUND(H71/13.6,2))/760,3) -> #DIV/0! | J81: =IFERROR(ROUND($R$17*(273/(273+J69))*($H$20+ROUND(J71/13.6,2))/760,3),"") | L81: =IFERROR(ROUND($R$17*(273/(273+L69))*($H$20+ROUND(L71/13.6,2))/760,3),"") | N81: =IFERROR(ROUND($R$17*(273/(273+N69))*($H$20+ROUND(N71/13.6,2))/760,3),"") | P81: =IFERROR(ROUND($R$17*(273/(273+P69))*($H$20+ROUND(P71/13.6,2))/760,3),"") | R81: =ROUND(R17*(273/(273+R69))*(H20+U71)/760,3) -> #DIV/0! | T81: 노즐번호 를 모른다면? | U81: =L94 -> #DIV/0!
A82: 배출가스 유속(m/sec) | G82: : | H82: =ROUND(H65*SQRT(2*9.81*H70/H81),3) -> #DIV/0! | J82: =IFERROR(ROUND($H65*SQRT(2*9.81*J70/J81),3),"") | L82: =IFERROR(ROUND($H65*SQRT(2*9.81*L70/L81),3),"") | N82: =IFERROR(ROUND($H65*SQRT(2*9.81*N70/N81),3),"") | P82: =IFERROR(ROUND($H65*SQRT(2*9.81*P70/P81),3),"") | R82: =ROUND(H65*SQRT((2*9.81*R70)/R81),3) -> #DIV/0!
A83: 채취된 물의 총량(mL) | G83: : | H83: =ROUND((H80*1000)*(H59/(100-H59))*(18/22.4),2) -> #DIV/0! | J83: =IFERROR(ROUND((J80*1000)*($H59/(100-$H59))*(18/22.4),2),"") | L83: =IFERROR(ROUND((L80*1000)*($H59/(100-$H59))*(18/22.4),2),"") | N83: =IFERROR(ROUND((N80*1000)*($H59/(100-$H59))*(18/22.4),2),"") | P83: =IFERROR(ROUND((P80*1000)*($H59/(100-$H59))*(18/22.4),2),"") | R83: =ROUND((R80*1000)*(H59/(100-H59))*(18/22.4),2) -> #DIV/0! | U83: 노즐단면적 (㎠)
A84: 노즐Size(cm) | G84: : | R84: =AVERAGEIF(H84:P84,"<>0") -> #DIV/0! | T84: Aa07_ | U84: =ROUND((3.14*(R84/2)^2),3) -> #DIV/0!
A85: K-Factor | G85: : | H85: =ROUND('Nozzle,K Factor'!J30*H65^2*H63*((273+H74)/(273+H69))*(H20+(H71/13.6))/H20*('Nozzle,K Factor'!J28/'Nozzle,K Factor'!J29)*(1-'Nozzle,K Factor'!J37)^2*(H84*10)^4,2) -> #DIV/0! | J85: =IFERROR(ROUND('Nozzle,K Factor'!$J30*$H65^2*$H63*((273+J74)/(273+J69))*($H20+(J71/13.6))/$H20*('Nozzle,K Factor'!$J28/'Nozzle,K Factor'!$J29)*(1-'Nozzle,K Factor'!$J37)^2*(J84*10)^4,2),"") | L85: =IFERROR(ROUND('Nozzle,K Factor'!$J30*$H65^2*$H63*((273+L74)/(273+L69))*($H20+(L71/13.6))/$H20*('Nozzle,K Factor'!$J28/'Nozzle,K Factor'!$J29)*(1-'Nozzle,K Factor'!$J37)^2*(L84*10)^4,2),"") | N85: =IFERROR(ROUND('Nozzle,K Factor'!$J30*$H65^2*$H63*((273+N74)/(273+N69))*($H20+(N71/13.6))/$H20*('Nozzle,K Factor'!$J28/'Nozzle,K Factor'!$J29)*(1-'Nozzle,K Factor'!$J37)^2*(N84*10)^4,2),"") | P85: =IFERROR(ROUND('Nozzle,K Factor'!$J30*$H65^2*$H63*((273+P74)/(273+P69))*($H20+(P71/13.6))/$H20*('Nozzle,K Factor'!$J28/'Nozzle,K Factor'!$J29)*(1-'Nozzle,K Factor'!$J37)^2*(P84*10)^4,2),"") | R85: =ROUND(AVERAGEIF(H85:P85,"<>0"),2) -> #DIV/0! | U85: △H(mmHg) | W85: △H(inH2O)
A86: 오리피스차압(mmH2O) | G86: : | H86: =ROUND(H70*H85,2) -> #DIV/0! | J86: =IFERROR(ROUND(J70*J85,2),"") | L86: =IFERROR(ROUND(L70*L85,2),"") | N86: =IFERROR(ROUND(N70*N85,2),"") | P86: =IFERROR(ROUND(P70*P85,2),"") | R86: =ROUND(AVERAGEIF(H86:P86,"<>0"),2) -> #DIV/0! | U86: =ROUND(R86/13.6,2) -> #DIV/0! | W86: =ROUND(R86/25.4,2) -> #DIV/0!
A87: 등속흡인계수(I%) | G87: : | H87: =ROUND(((273+H69)*(0.00346*H83+H80/(273+H74)*(H20+H86/13.6)))/((H20+ROUND(H71/13.6,2))*H75*H82*ROUND(3.14*(H84/2)^2,3))*1.667*10^4,1) -> #DIV/0! | J87: =IFERROR(ROUND(((273+J69)*(0.00346*J83+J80/(273+J74)*($H20+J86/13.6)))/((H20+ROUND(J71/13.6,2))*J75*J82*ROUND(3.14*(J84/2)^2,3))*1.667*10^4,1),"") | L87: =IFERROR(ROUND(((273+L69)*(0.00346*L83+L80/(273+L74)*($H20+L86/13.6)))/((H20+ROUND(L71/13.6,2))*L75*L82*ROUND(3.14*(L84/2)^2,3))*1.667*10^4,1),"") | N87: =IFERROR(ROUND(((273+N69)*(0.00346*N83+N80/(273+N74)*($H20+N86/13.6)))/((H20+ROUND(N71/13.6,2))*N75*N82*ROUND(3.14*(N84/2)^2,3))*1.667*10^4,1),"") | P87: =IFERROR(ROUND(((273+P69)*(0.00346*P83+P80/(273+P74)*($H20+P86/13.6)))/((H20+ROUND(P71/13.6,2))*P75*P82*ROUND(3.14*(P84/2)^2,3))*1.667*10^4,1),"") | R87: =ROUND((273+R69)*(0.00346*R83+R80/(273+R74)*(H20+R86/13.6))/((H20+U71)*R75*R82*U84)*1.667*10^4,1) -> #DIV/0! | U87: 예상진공게이지압
A88: 진공Gauge(mmHg) | G88: : | R88: =AVERAGEIF(H88:P88,"<>0") -> #DIV/0! | U88: =W88*25.4 -> #DIV/0! | V88: mmHg | W88: =VLOOKUP(W86,U90:V96,2,TRUE) -> #DIV/0! | X88: inHg
A89: 최종임핀저출구 온도(℃) | G89: : | R89: =AVERAGEIF(H89:P89,"<>0") -> #DIV/0!
A90: 배출구 유량(m3/hr) | G90: : | H90: =ROUND(K31*R82*273/(273+R69)*(H20+U71)/760*(1-(H59/100))*3600,1) -> #DIV/0! | U90: 0.35 | V90: 2 | W90: 50.8
N91: 예상유량(미세먼지용)(L/min) | R91: =(R77*1000)/R75 -> #DIV/0! | U91: 0.36 | V91: 2.5 | W91: 63.5
U92: 0.5 | V92: 3 | W92: 76.2
C93: 원통여지무게차 | J93: 먼지농도계산 | L93: 흡입량 | N93: 피토관계수 기본 0.840 | T93: =0.85*(1-0.024) -> 0.8296 | U93: 0.75 | V93: 3.5 | W93: 88.9
A94: 측정여지번호 | C94: 포집 전 | E94: 포집 후 | H94: Mda | J94: =IF(C95="","",ROUND((H99*1000)/(R80*273/(273+R74)*(H20+U86)/760),1)) | L94: =R80*273/(273+R74)*(H20+U86)/760 -> #DIV/0! | N94: 유속 305 m/min(5.08m/s) 이상 | T94: =0.85*(1-0.036) -> 0.8194 | U94: 1 | V94: 4 | W94: 101.6
A95: ='한종_시료채취기록지 '!AA2 -> 2-30 | C95: =IF('한종_시료채취기록지 '!AC2=0,"",'한종_시료채취기록지 '!AC2) | E95: =IF('한종_시료채취기록지 '!AE2=0,"",'한종_시료채취기록지 '!AE2) | H95: =E95-C95 -> #VALUE! | N95: 180 ~ 305 m/min(3~5.08m/s) | U95: 1.25 | V95: 4.5 | W95: 114.3
A96: 바탕여지번호 | C96: 포집 전 | E96: 포집 후 | H96: Mdb | J96: 보정먼지농도 | U96: 1.5 | V96: 5 | W96: 127
A97: ='한종_시료채취기록지 '!AA4 -> 2-31 | C97: =IF('한종_시료채취기록지 '!AC4=0,"",'한종_시료채취기록지 '!AC4) | E97: =IF('한종_시료채취기록지 '!AE4=0,"",'한종_시료채취기록지 '!AE4) | H97: =E97-C97 -> #VALUE! | J97: =IF('대기측정 분석결과서'!J23=1,"-",J94*R15) -> -
H98: Mda-Mdb
H99: =H95-H97 -> #VALUE!

Sheet 피토관,노즐표
B3: Aa01 | D3: Aa02 | F3: Aa03 | H3: Aa04 | J3: Aa05 | L3: Aa06 | N3: Aa07
B5: 44.0411 | D5: 47.2923 | F5: 46.5 | H5: 47.4 | J5: 47.3 | L5: 46.3 | N5: 49.8 | P5: 수은1팀 | R5: 수은2팀 | T5: 수은3팀 | V5: 수은4팀 | X5: 44.0411 | Z5: 피토관구분
B6: 0 | C6: 0.813 | D6: 0 | E6: 0.825 | F6: 0 | G6: 0.817 | H6: 0 | I6: 0.807 | J6: 0 | K6: 0.818 | L6: 0 | M6: 0.826 | N6: 0 | O6: 0.821 | P6: 0 | Q6: 0.81 | R6: 0 | S6: 0.816 | T6: 0 | U6: 0.802 | V6: 0 | W6: 0.802 | X6: 47.2923 | Z6: 먼지_중금속 | AB6: 먼지_중금속 | AC6: 수은1팀 | AD6: 수은2팀 | AE6: 수은3팀 | AF6: 수은4팀 | AG6: 미세먼지
B7: 5.08 | C7: 0.832 | D7: 5.08 | E7: 0.828 | F7: 4.94 | G7: 0.822 | H7: 4.95 | I7: 0.829 | J7: 5.08 | K7: 0.825 | L7: 5.08 | M7: 0.83 | N7: 5.08 | O7: 0.835 | P7: 4.8 | Q7: 0.829 | R7: 4.96 | S7: 0.824 | T7: 4.8 | U7: 0.828 | V7: 4.8 | W7: 0.826 | X7: 46.5 | Z7: 수은1팀 | AB7: Aa01_ | AC7: 수은_1 | AD7: 수은_1 | AE7: 수은_1 | AF7: 수은_2 | AG7: PM10_
P8: 10.21 | Q8: 0.829 | R8: 10.41 | S8: 0.818 | T8: 10.2 | U8: 0.83 | V8: 10.2 | W8: 0.83 | X8: 47.4 | Z8: 수은2팀 | AB8: Aa02_03_04 | AG8: PM2.5_
P9: 15.48 | Q9: 0.83 | R9: 14.65 | S9: 0.822 | T9: 15.36 | U9: 0.833 | V9: 15.41 | W9: 0.836 | X9: 47.3 | Z9: 수은3팀 | AB9: Aa05_06
P10: 19.63 | Q10: 0.832 | R10: 19.9 | S10: 0.825 | T10: 19.43 | U10: 0.83 | V10: 19.46 | W10: 0.83 | X10: 46.3 | Z10: 수은4팀 | AB10: Aa07_
P11: 24.52 | Q11: 0.826 | R11: 25.13 | S11: 0.823 | T11: 24.45 | U11: 0.83 | V11: 24.44 | W11: 0.83 | X11: 49.8 | Z11: 미세먼지
P12: 29.84 | Q12: 0.834 | R12: 30.32 | S12: 0.825 | T12: 29.58 | U12: 0.831 | V12: 29.7 | W12: 0.828 | X12: 먼지_중금속
P13: 35.2 | Q13: 0.832 | R13: 34.61 | S13: 0.823 | T13: 35.02 | U13: 0.835 | V13: 35.01 | W13: 0.833 | X13: 수은1팀
P14: 38.72 | Q14: 0.836 | X14: 수은2팀
B15: ENK169 | D15: ENK394 | F15: ENK942 | H15: ENK946 | J15: ENK1297 | L15: ENK1510 | N15: ENK1464 | P15: ENK931 | R15: ENK807 | T15: ENK1214 | V15: ENK1214 | X15: 수은3팀
X16: 수은4팀
X17: 미세먼지
B18: 노즐목록 | V18: 미세먼지
D19: Aa01 | E19: Aa02,03,04 | F19: Aa05,06 | G19: Aa07 | H19: 수은_1 | I19: 수은_2 | J19: PM10 | K19: PM2.5 | O19: Yd계수표 | R19: 기술인력들 | V19: 0 | W19: 0.818
B20: Aa01_ | D20: 0.319 | E20: 0.315 | F20: 0.395 | G20: 0.39 | H20: 0.31 | I20: 0.41 | J20: 0.318 | K20: 0.318 | M20: 풍향목록 | O20: 44.0411 | P20: 1.0035 | R20: 박 민 우 | V20: 4.97 | W20: 0.816
B21: Aa02_03_04 | D21: 0.449 | E21: 0.435 | F21: 0.545 | G21: 0.53 | H21: 0.455 | I21: 0.545 | J21: 0.345 | K21: 0.345 | M21: 정온(실내) | O21: 47.2923 | P21: 1.0044 | R21: 맹 호 수 | V21: 10.32 | W21: 0.824
B22: Aa05_06 | D22: 0.626 | E22: 0.615 | F22: 0.625 | G22: 0.62 | H22: 0.625 | I22: 0.655 | J22: 0.381 | K22: 0.381 | M22: 정온 | O22: 46.5 | P22: 1 | R22: 이 동 협 | V22: 14.66 | W22: 0.821
B23: Aa07_ | D23: 0.771 | E23: 0.755 | F23: 0.695 | G23: 0.71 | H23: 0.765 | I23: 0.754 | J23: 0.417 | K23: 0.417 | M23: 동 | O23: 47.4 | P23: 1 | R23: 정 우 창 | V23: 19.8 | W23: 0.822
B24: 수은_1 | D24: 0.942 | E24: 0.915 | F24: 0.775 | G24: 0.78 | H24: 0.93 | I24: 0.85 | J24: 0.457 | K24: 0.457 | M24: 서 | O24: 47.3 | P24: 1 | R24: 신 민 석 | V24: 25.07 | W24: 0.825
B25: 수은_2 | D25: 1.249 | E25: 1.085 | F25: 0.935 | G25: 0.94 | H25: 1.085 | I25: 0.95 | J25: 0.5 | K25: 0.5 | M25: 남 | O25: 46.3 | P25: 1 | R25: 강 민 수 | V25: 30.2 | W25: 0.827
B26: PM10_ | E26: 1.245 | F26: 1.275 | G26: 1.26 | H26: 1.265 | I26: 1.235 | J26: 0.546 | K26: 공정시험법상 큰노즐 사용불가 | M26: 북 | O26: 49.8 | P26: 1 | R26: 정 종 원 | V26: 34.59 | W26: 0.83
B27: PM2.5_ | J27: 0.592 | M27: 남동 | R27: 김 흥 록
J28: 0.671 | M28: 남서 | R28: 강 원 석 | V28: AS690
J29: 0.762 | M29: 북동 | R29: 송 정 현
J30: 0.869 | M30: 북서
J31: 0.991 | M31: 남남동 | R31: 김 인 현
M32: 동남동 | R32: 김 태 우
M33: 남남서
M34: 서남서
M35: 북북동
B36: 여분 피토관 | M36: 동북동
G37: 기기별 누출검사 진공게이지 단위 | M37: 북북서
B38: 0 | C38: 0.815 | D38: 0 | E38: 0.814 | G38: 44.0411 | H38: 15 inchHg | M38: 서북서
B39: 4.94 | C39: 0.826 | D39: 4.95 | E39: 0.814 | G39: 47.2923 | H39: 15 inchHg
B40: 10.4 | C40: 0.826 | D40: 10.39 | E40: 0.82 | G40: 46.5 | H40: 381 mmHg
B41: 14.62 | C41: 0.826 | D41: 14.67 | E41: 0.819 | G41: 47.4 | H41: 381 mmHg
B42: 19.87 | C42: 0.825 | D42: 19.89 | E42: 0.818 | G42: 47.3 | H42: 15 inchHg
B43: 25.03 | C43: 0.83 | D43: 25.03 | E43: 0.819 | G43: 46.3 | H43: 15 inchHg
B44: 30.22 | C44: 0.826 | D44: 30.15 | E44: 0.82 | G44: 49.8 | H44: 381 mmHg
B45: 34.43 | C45: 0.834 | D45: 34.53 | E45: 0.819
B47: ENK946 | D47: ENK921
E54: 적합 | F54: 적합 | H54: 가스상
E55: 부적합 | F55: 부적합 | H55: 먼지
E56: 해당없음 | F56: 해당없음 | H56: 중금속
H57: 수은
H58: PM-10
H59: PM-2.5
H60: PAHs

Sheet 대기측정 분석결과서
A1: 시료 채취 | D1: =IF(COUNT('먼지측정 사전 Data'!H72)=0,"",'먼지측정 사전 Data'!A95) | H1: 대기측정 분석 결과서 | W1: 시료 채취 | Z1: ='먼지측정 사전 Data'!N5 -> 0
A2: 여지 번호 | W2: 일 시
A3: 배 출 업 소 | P3: 측 정 대 행 업 소
A4: 업 소 명 | P4: 업 소 명 | U4: 한국종합환경산업㈜
A5: 소 재 지 | P5: 소 재 지 | U5: 부산광역시 강서구 대저중앙로394번가길 56(대저1동) | AG5: 맑음
A6: 대 표 자 | I6: 업종 | P6: 대 표 자 | U6: 김항재 | AG6: 흐림
A7: 배출 시설 | E7: 여 형 석 | J7: 시료 채취 | L7: 윤 명 원 | P7: 시 료 채 취 자 | U7: ='먼지측정 사전 Data'!H4 -> 0 | X7: ='먼지측정 사전 Data'!K4 -> 0 | AG7: 비
A8: 관 리 인 | J8: 입 회 자 | P8: 시 료 분 석 기 간 | U8: ='먼지측정 사전 Data'!H5 -> 2026-02-06 ~ 1900-01-00 | AG8: 눈
A9: 시 설 별 | I9: 주생산 품목 | L9: 자동차 | P9: 시 료 분 석 | U9: 이 나 영
A10: 사업장 종별 | G10: 종 | H10: 측정공 높이 | I10: 방지시설용량 | P10: 검 사 자
A11: 배출구 종별 | G11: 종 | I11: 연료 및 사용량 | L11: - | N11: Kg/Hr | P11: 발생원의 종 류 | U11: =TRIM(_xlfn.TEXTJOIN(" ", TRUE, IF(TYPE(F23)=1, C23, ""), IF(TYPE(F24)=1, C24, ""), IF(TYPE(F25)=1, C25, ""), IF(TYPE(F26)=1, C26, ""), IF(TYPE(F27)=1, C27, ""), IF(TYPE(F28)=1, C28, ""), IF(TYPE(F29)=1, C29, ""), IF(TYPE(F30)=1, C30, ""), IF(TYPE(F31)=1, C31, ""), IF(TYPE(F32)=1, C32, ""), IF(TYPE(F33)=1, C33, ""), IF(TYPE(F34)=1, C34, ""), IF(TYPE(F35)=1, C35, ""), IF(TYPE(F36)=1, C36, ""), IF(TYPE(F37)=1, C37, ""), IF(TYPE(F38)=1, C38, ""), IF(TYPE(F39)=1, C39, ""), IF(TYPE(F40)=1, C40, ""), IF(TYPE(F41)=1, C41, ""), IF(TYPE(F42)=1, C42, ""), IF(TYPE(F43)=1, C43, ""), IF(TYPE(F44)=1, C44, ""), IF(TYPE(F45)=1, C45, ""), IF(TYPE(F46)=1, C46, ""), IF(TYPE(F47)=1, C47, ""), IF(TYPE(F48)=1, C48, ""), IF(TYPE(F49)=1, C49, ""), IF(TYPE(F50)=1, C50, ""), IF(TYPE(F51)=1, C51, ""), IF(TYPE(F52)=1, C52, ""), IF(TYPE(F53)=1, C53, ""), IF(TYPE(F54)=1, C54, ""), IF(TYPE(F55)=1, C55, ""), IF(TYPE(F56)=1, C56, ""), IF(TYPE(F57)=1, C57, ""), IF(TYPE(F58)=1, C58, ""), IF(TYPE(F59)=1, C59, ""), IF(TYPE(F60)=1, C60, ""), IF(TYPE(F61)=1, C61, ""), IF(TYPE(F62)=1, C62, ""), IF(TYPE(F63)=1, C63, ""), IF(TYPE(F64)=1, C64, ""), IF(TYPE(F65)=1, C65, ""), IF(TYPE(F66)=1, C66, ""), IF(TYPE(F67)=1, C67, ""), IF(TYPE(F68)=1, C68, ""), IF(TYPE(F69)=1, C69, ""), IF(TYPE(F70)=1, C70, ""), IF(TYPE(F71)=1, C71, ""), IF(TYPE(F72)=1, C72, ""), IF(TYPE(F73)=1, C73, ""), IF(TYPE(F74)=1, C74, "") )) & " (총 " & COUNTIF(AL23:AL74, 1) & " 항목)" -> THC (총 1 항목) | AM11: ※ppm= (mg/m3) * (22.4/mw)
A12: 배출시설 종류
A13: 방지시설 종류 | AG13: 분석완료일
A14: 1. 연도조건 및 기후조건
A15: 연도모양 | E15: 기 상 | I15: 기 온 | M15: 습 도 | Q15: 기 압 | V15: 풍 향 | AA15: 풍 속
A17: =IF('먼지측정 사전 Data'!D31>0,"원형","사각형") -> 사각형 | E17: ='먼지측정 사전 Data'!J8 -> 0 | I17: ='먼지측정 사전 Data'!L8 -> 0 | L17: ℃ | M17: ='먼지측정 사전 Data'!N8 -> 0 | P17: % | Q17: ='먼지측정 사전 Data'!H20 -> 0 | T17: mmHg | V17: ='먼지측정 사전 Data'!O8 -> 0 | Y17: 풍 | AA17: ='먼지측정 사전 Data'!P8 -> 0 | AD17: m/s
AG19: 산소보정계수
A20: 2. 결과 및 공정시험법 | AG20: =(21-'먼지측정 사전 Data'!R13)/(21-'먼지측정 사전 Data'!H14) -> 0.0047619048
A21: 측정항목 | F21: 결과치 | M21: 기기 | V21: 공정시험법
F22: 결과값 | G22: 실험결과 | J22: O2보정 | AG22: 방법검출한계 | AH22: 단위 | AI22: 소수점표기값 | AO22: 현대차 요구 항목명
C23: =IF(ISNUMBER(SEARCH("현대자동차",$E$4)),AO23,AJ23) -> 먼지 | F23: =IF(G23="","",J23*G23) | G23: =IF('먼지측정 사전 Data'!J94=0,"",'먼지측정 사전 Data'!J94) | J23: 1 | M23: 반자동식 측정법/원통여지법 | Z23: ES 01301.1e | AG23: 1e-08 | AH23: mg/S㎥ | AI23: 1 | AJ23: 먼지 | AL23: =TYPE(F23) -> 2 | AO23: 먼지
C24: =IF(ISNUMBER(SEARCH("현대자동차",$E$4)),AO24,AJ24) -> 매연 | F24: =IF(G24="","",G24) | J24: 1 | M24: 링겔만비탁표 | Z24: ES 01313.1b | AG24: -1 | AH24: 도 이하 | AI24: 0 | AJ24: 매연 | AL24: =TYPE(F24) -> 2 | AO24: 매연
C25: =IF(ISNUMBER(SEARCH("현대자동차",$E$4)),AO25,AJ25) -> NOx | F25: =IF(G25="","",AVERAGE(G25:I25)) | G25: =IF('먼지측정 사전 Data'!H21="","",'먼지측정 사전 Data'!H21) | H25: =IF('먼지측정 사전 Data'!J21="","",'먼지측정 사전 Data'!J21) | I25: =IF('먼지측정 사전 Data'!L21="","",'먼지측정 사전 Data'!L21) | M25: 자동측정법/자동연속장치 | Z25: ES 01308.1b | AG25: 1e-06 | AH25: ppm | AI25: 1 | AJ25: NOx | AL25: =TYPE(F25) -> 2 | AO25: 질소산화물
C26: =IF(ISNUMBER(SEARCH("현대자동차",$E$4)),AO26,AJ26) -> SOx | F26: =IF(G26="","",AVERAGE(G26:I26)) | G26: =IF('먼지측정 사전 Data'!H22="","",'먼지측정 사전 Data'!H22) | H26: =IF('먼지측정 사전 Data'!J22="","",'먼지측정 사전 Data'!J22) | I26: =IF('먼지측정 사전 Data'!L22="","",'먼지측정 사전 Data'!L22) | M26: 자동측정법/자동연속장치 | Z26: ES 01307.1b | AG26: 1e-07 | AH26: ppm | AI26: 1 | AJ26: SOx | AL26: =TYPE(F26) -> 2 | AO26: 황산화물
C27: =IF(ISNUMBER(SEARCH("현대자동차",$E$4)),AO27,AJ27) -> CO | F27: =IF(G27="","",AVERAGE(G27:I27)) | G27: =IF('먼지측정 사전 Data'!Q22="","",'먼지측정 사전 Data'!Q22) | H27: =IF('먼지측정 사전 Data'!S22="","",'먼지측정 사전 Data'!S22) | I27: =IF('먼지측정 사전 Data'!U22="","",'먼지측정 사전 Data'!U22) | M27: 전기화학식(정전위전해법)/자동연속장치 | Z27: ES 01304.2c | AG27: 1e-06 | AH27: ppm | AI27: 1 | AJ27: CO | AL27: =TYPE(F27) -> 2 | AO27: 일산화탄소
C28: =IF(ISNUMBER(SEARCH("현대자동차",$E$4)),AO28,AJ28) -> THC | J28: 1 | M28: 불꽃이온화검출기법 | Z28: ES 01507.1d | AG28: 1e-06 | AH28: ppm | AI28: 1 | AJ28: THC | AL28: =TYPE(F28) -> 1 | AO28: 탄화수소(THC)
C29: 미세먼지(PM-10) | F29: =IF(G29="","",J29*G29) | J29: 1 | M29: 반자동식 측정법 | Z29: ES 01317.1b | AG29: 0 | AH29: mg/S㎥ | AI29: 1 | AJ29: 미세먼지(PM-10) | AL29: =TYPE(F29) -> 2 | AO29: 미세먼지(PM-10)
C30: 미세먼지(PM-2.5) | F30: =IF(G30="","",J30*G30) | J30: 1 | M30: 반자동식 측정법 | Z30: ES 01317.1b | AG30: 0 | AH30: mg/S㎥ | AI30: 1 | AJ30: 미세먼지(PM-2.5) | AL30: =TYPE(F30) -> 2
F31: =IF(G31="","",J31*G31)
C32: =IF(ISNUMBER(SEARCH("현대자동차",$E$4)),AO32,AJ32) -> 암모니아 | F32: =IF(H32="-","",IF(H32="ND",0,(IF(H32="","",J32*H32)))) | J32: 1 | M32: 자외선/가시선분광법-인도페놀법 | Z32: ES 01303.1d | AG32: 0.4 | AH32: ppm | AI32: 1 | AJ32: 암모니아 | AL32: =TYPE(F32) -> 2 | AO32: 암모니아
C33: =IF(ISNUMBER(SEARCH("현대자동차",$E$4)),AO33,AJ33) -> 염화수소 | F33: =IF(H33="-","",IF(H33="ND",0,(IF(H33="","",J33*H33)))) | J33: 1 | M33: 자외선가시선분광법-싸이오사이안산제이수은법 | Z33: ES 01305.2d | AG33: 0.5 | AH33: ppm | AI33: 1 | AJ33: 염화수소 | AL33: =TYPE(F33) -> 2 | AO33: 염화수소
C34: =IF(ISNUMBER(SEARCH("현대자동차",$E$4)),AO34,AJ34) -> 이황화탄소 | F34: =IF(H34="-","",IF(H34="ND",0,(IF(H34="","",J34*H34)))) | J34: 1 | M34: 자외선/가시선분광법 | Z34: ES 01309.2c | AG34: 1.3 | AH34: ppm | AI34: 1 | AJ34: 이황화탄소 | AL34: =TYPE(F34) -> 2 | AO34: 이황화탄소
C35: =IF(ISNUMBER(SEARCH("현대자동차",$E$4)),AO35,AJ35) -> 황화수소 | F35: =IF(H35="-","",IF(H35="ND",0,(IF(H35="","",J35*H35)))) | J35: 1 | M35: 자외선가시선분광법-메틸렌블루법 | Z35: ES 01310.1d | AG35: 0.5 | AH35: ppm | AI35: 1 | AJ35: 황화수소 | AL35: =TYPE(F35) -> 2 | AO35: 황화수소
C36: =IF(ISNUMBER(SEARCH("현대자동차",$E$4)),AO36,AJ36) -> 플루오린화합물 | F36: =IF(H36="-","",IF(H36="ND",0,(IF(H36="","",J36*H36)))) | J36: 1 | M36: 자외선/가시선분광법-란타넘-알리자린콤플렉손법 | Z36: ES 01311.1f | AG36: 0.02 | AH36: ppm | AI36: 2 | AJ36: 플루오린화합물 | AL36: =TYPE(F36) -> 2 | AO36: 불소화합물
C37: =IF(ISNUMBER(SEARCH("현대자동차",$E$4)),AO37,AJ37) -> 사이안화수소 | F37: =IF(H37="-","",IF(H37="ND",0,(IF(H37="","",J37*H37)))) | J37: 1 | M37: 자외선/가시선분광법- 4-피리딘카복실산-피라졸론법 | Z37: ES 01312.1e | AG37: 0.02 | AH37: ppm | AI37: 2 | AJ37: 사이안화수소 | AL37: =TYPE(F37) -> 2 | AO37: 시안화수소
C38: =IF(ISNUMBER(SEARCH("현대자동차",$E$4)),AO38,AJ38) -> 브로민화합물 | F38: =IF(H38="-","",IF(H38="ND",0,(IF(H38="","",J38*H38)))) | J38: 1 | M38: 자외선/가시선분광법 | Z38: ES 01502.1c | AG38: 0.6 | AH38: ppm | AI38: 1 | AJ38: 브로민화합물 | AL38: =TYPE(F38) -> 2 | AO38: 브롬화합물
C39: =IF(ISNUMBER(SEARCH("현대자동차",$E$4)),AO39,AJ39) -> 페놀화합물 | F39: =IF(H39="-","",IF(H39="ND",0,(IF(H39="","",J39*H39)))) | J39: 1 | M39: 자외선/가시선분광법-4-아미노안티피린법 | Z39: ES 01503.2c | AG39: 0.32 | AH39: ppm | AI39: 2 | AJ39: 페놀화합물 | AL39: =TYPE(F39) -> 2 | AO39: 페놀화합물
C40: 염소 | F40: =IF(H40="-","",IF(H40="ND",0,(IF(H40="","",J40*H40)))) | J40: 1 | M40: 자외선/가시선분광법- 4-피리딘카복실산-피라졸론법 | Z40: ES 01306.2a | AG40: 0.04 | AH40: ppm | AI40: 1 | AJ40: 염소 | AL40: =TYPE(F40) -> 2 | AO40: 염소
F41: =IF(H41="-","",IF(H41="ND",0,(IF(H41="","",J41*H41))))
C42: =IF(ISNUMBER(SEARCH("현대자동차",$E$4)),AO42,AJ42) -> 비소 | F42: =IF(H42="-","",IF(H42="ND",0,(IF(H42="","",J42*H42)))) | J42: 1 | M42: 유도결합플라스마 분광법 | Z42: ES 01401.3e | AG42: 0.001 | AH42: ppm | AI42: 3 | AJ42: 비소 | AL42: =TYPE(F42) -> 2 | AO42: 비소화합물
C43: =IF(ISNUMBER(SEARCH("현대자동차",$E$4)),AO43,AJ43) -> 베릴륨 | F43: =IF(H43="-","",IF(H43="ND",0,(IF(H43="","",J43*H43)))) | J43: 1 | M43: 유도결합플라스마 분광법 | Z43: ES 01400.2d | AG43: 0.008 | AH43: mg/S㎥ | AI43: 3 | AJ43: 베릴륨 | AL43: =TYPE(F43) -> 2 | AO43: 베릴륨 및 그 화합물
C44: =IF(ISNUMBER(SEARCH("현대자동차",$E$4)),AO44,AJ44) -> 카드뮴 | F44: =IF(H44="-","",IF(H44="ND",0,(IF(H44="","",J44*H44)))) | H44: - | J44: 1 | M44: 유도결합플라스마 분광법 | Z44: ES 01400.2d | AG44: 0.002 | AH44: mg/S㎥ | AI44: 3 | AJ44: 카드뮴 | AL44: =TYPE(F44) -> 2 | AO44: 카드뮴화합물
C45: =IF(ISNUMBER(SEARCH("현대자동차",$E$4)),AO45,AJ45) -> 크로뮴 | F45: =IF(H45="-","",IF(H45="ND",0,(IF(H45="","",J45*H45)))) | J45: 1 | M45: 유도결합플라스마 분광법 | Z45: ES 01400.2d | AG45: 0.016 | AH45: mg/S㎥ | AI45: 3 | AJ45: 크로뮴 | AL45: =TYPE(F45) -> 2 | AO45: 크롬화합물
C46: =IF(ISNUMBER(SEARCH("현대자동차",$E$4)),AO46,AJ46) -> 구리 | F46: =IF(H46="-","",IF(H46="ND",0,(IF(H46="","",J46*H46)))) | H46: - | J46: 1 | M46: 유도결합플라스마 분광법 | Z46: ES 01400.2d | AG46: 0.016 | AH46: mg/S㎥ | AI46: 3 | AJ46: 구리 | AL46: =TYPE(F46) -> 2 | AO46: 구리화합물
C47: =IF(ISNUMBER(SEARCH("현대자동차",$E$4)),AO47,AJ47) -> 니켈 | F47: =IF(H47="-","",IF(H47="ND",0,(IF(H47="","",J47*H47)))) | H47: - | J47: 1 | M47: 유도결합플라스마 분광법 | Z47: ES 01400.2d | AG47: 0.002 | AH47: mg/S㎥ | AI47: 3 | AJ47: 니켈 | AL47: =TYPE(F47) -> 2 | AO47: 니켈화합물
C48: =IF(ISNUMBER(SEARCH("현대자동차",$E$4)),AO48,AJ48) -> 납 | F48: =IF(H48="-","",IF(H48="ND",0,(IF(H48="","",J48*H48)))) | H48: - | J48: 1 | M48: 유도결합플라스마 분광법 | Z48: ES 01400.2d | AG48: 0.008 | AH48: mg/S㎥ | AI48: 3 | AJ48: 납 | AL48: =TYPE(F48) -> 2 | AO48: 납화합물
C49: =IF(ISNUMBER(SEARCH("현대자동차",$E$4)),AO49,AJ49) -> 아연 | F49: =IF(H49="-","",IF(H49="ND",0,(IF(H49="","",J49*H49)))) | H49: - | J49: 1 | M49: 유도결합플라스마 분광법 | Z49: ES 01400.2d | AG49: 0.016 | AH49: mg/S㎥ | AI49: 3 | AJ49: 아연 | AL49: =TYPE(F49) -> 2 | AO49: 아연화합물
C50: =IF(ISNUMBER(SEARCH("현대자동차",$E$4)),AO50,AJ50) -> 수은 | F50: =IF(H50="-","",IF(H50="ND",0,(IF(H50="","",J50*H50)))) | H50: - | J50: 1 | M50: 냉증기 원자흡수분광광도법 | Z50: ES 01408.1e | AG50: 0.0002 | AH50: mg/S㎥ | AI50: 5 | AJ50: 수은 | AL50: =TYPE(F50) -> 2 | AO50: 수은화합물
F51: =IF(H51="-","",IF(H51="ND",0,(IF(H51="","",J51*H51))))
C52: =IF(ISNUMBER(SEARCH("현대자동차",$E$4)),AO52,AJ52) -> 염화바이닐 | F52: =IF(H52="-","",IF(H52="ND",0,(IF(H52="","",J52*H52)))) | J52: 1 | M52: 기체크로마토그래피 | Z52: ES 01511.1d | AG52: 0.03 | AH52: ppm | AI52: 2 | AJ52: 염화바이닐 | AL52: =TYPE(F52) -> 2 | AO52: 염화비닐
C53: =IF(ISNUMBER(SEARCH("현대자동차",$E$4)),AO53,AJ53) -> 1,3-뷰타다이엔 | F53: =IF(H53="-","",IF(H53="ND",0,(IF(H53="","",J53*H53)))) | J53: 1 | M53: 기체크로마토그래피 | Z53: ES 01511.1d | AG53: 0.03 | AH53: ppm | AI53: 2 | AJ53: 1,3-뷰타다이엔 | AK53: m(ng) | AL53: =TYPE(F53) -> 2 | AO53: 1,3-부타디엔
C54: =IF(ISNUMBER(SEARCH("현대자동차",$E$4)),AO54,AJ54) -> 다이클로로메테인 | F54: =IF(H54="-","",IF(H54="ND",0,(IF(H54="","",J54*H54)))) | J54: 1 | M54: 기체크로마토그래피 | Z54: ES 01511.1d | AG54: 0.03 | AH54: ppm | AI54: 2 | AJ54: 다이클로로메테인 | AK54: =G54*($AH$79*(273/(273+$AI$79))*(($Q$17+$AK$79)/760)) -> #N/A | AL54: =TYPE(F54) -> 2 | AO54: 디클로로메탄
C55: =IF(ISNUMBER(SEARCH("현대자동차",$E$4)),AO55,AJ55) -> 아크릴로나이트릴 | F55: =IF(H55="-","",IF(H55="ND",0,(IF(H55="","",J55*H55)))) | J55: 1 | M55: 기체크로마토그래피 | Z55: ES 01511.1d | AG55: 0.03 | AH55: ppm | AI55: 2 | AJ55: 아크릴로나이트릴 | AK55: =G55*($AH$79*(273/(273+$AI$79))*(($Q$17+$AK$79)/760)) -> #N/A | AL55: =TYPE(F55) -> 2 | AO55: 아크릴로니트릴
C56: =IF(ISNUMBER(SEARCH("현대자동차",$E$4)),AO56,AJ56) -> 클로로폼 | F56: =IF(H56="-","",IF(H56="ND",0,(IF(H56="","",J56*H56)))) | J56: 1 | M56: 기체크로마토그래피 | Z56: ES 01511.1d | AG56: 0.03 | AH56: ppm | AI56: 2 | AJ56: 클로로폼 | AK56: =G56*($AH$79*(273/(273+$AI$79))*(($Q$17+$AK$79)/760)) -> #N/A | AL56: =TYPE(F56) -> 2 | AO56: 클로로포름
C57: =IF(ISNUMBER(SEARCH("현대자동차",$E$4)),AO57,AJ57) -> 사염화탄소 | F57: =IF(H57="-","",IF(H57="ND",0,(IF(H57="","",J57*H57)))) | J57: 1 | M57: 기체크로마토그래피 | Z57: ES 01511.1d | AG57: 0.03 | AH57: ppm | AI57: 2 | AJ57: 사염화탄소 | AK57: =G57*($AH$79*(273/(273+$AI$79))*(($Q$17+$AK$79)/760)) -> #N/A | AL57: =TYPE(F57) -> 2 | AO57: 사염화탄소
C58: =IF(ISNUMBER(SEARCH("현대자동차",$E$4)),AO58,AJ58) -> 벤젠 | F58: =IF(H58="-","",IF(H58="ND",0,(IF(H58="","",J58*H58)))) | J58: 1 | M58: 기체크로마토그래피 | Z58: ES 01511.1d | AG58: 0.03 | AH58: ppm | AI58: 2 | AJ58: 벤젠 | AK58: =G58*($AH$79*(273/(273+$AI$79))*(($Q$17+$AK$79)/760)) -> #N/A | AL58: =TYPE(F58) -> 2 | AO58: 벤젠
C59: =IF(ISNUMBER(SEARCH("현대자동차",$E$4)),AO59,AJ59) -> 1,2-다이클로로에테인 | F59: =IF(H59="-","",IF(H59="ND",0,(IF(H59="","",J59*H59)))) | J59: 1 | M59: 기체크로마토그래피 | Z59: ES 01511.1d | AG59: 0.03 | AH59: ppm | AI59: 2 | AJ59: 1,2-다이클로로에테인 | AK59: =G59*($AH$79*(273/(273+$AI$79))*(($Q$17+$AK$79)/760)) -> #N/A | AL59: =TYPE(F59) -> 2 | AO59: 1,2-디클로로에탄
C60: =IF(ISNUMBER(SEARCH("현대자동차",$E$4)),AO60,AJ60) -> 트라이클로로에틸렌 | F60: =IF(H60="-","",IF(H60="ND",0,(IF(H60="","",J60*H60)))) | J60: 1 | M60: 기체크로마토그래피 | Z60: ES 01511.1d | AG60: 0.03 | AH60: ppm | AI60: 2 | AJ60: 트라이클로로에틸렌 | AK60: =G60*($AH$79*(273/(273+$AI$79))*(($Q$17+$AK$79)/760)) -> #N/A | AL60: =TYPE(F60) -> 2 | AO60: 트리클로로에틸렌
C61: =IF(ISNUMBER(SEARCH("현대자동차",$E$4)),AO61,AJ61) -> 테트라클로로에틸렌 | F61: =IF(H61="-","",IF(H61="ND",0,(IF(H61="","",J61*H61)))) | J61: 1 | M61: 기체크로마토그래피 | Z61: ES 01511.1d | AG61: 0.03 | AH61: ppm | AI61: 2 | AJ61: 테트라클로로에틸렌 | AK61: =G61*($AH$79*(273/(273+$AI$79))*(($Q$17+$AK$79)/760)) -> #N/A | AL61: =TYPE(F61) -> 2 | AO61: 테트라클로로에틸렌
C62: =IF(ISNUMBER(SEARCH("현대자동차",$E$4)),AO62,AJ62) -> 에틸벤젠 | F62: =IF(H62="-","",IF(H62="ND",0,(IF(H62="","",J62*H62)))) | J62: 1 | M62: 기체크로마토그래피 | Z62: ES 01511.1d | AG62: 0.03 | AH62: ppm | AI62: 2 | AJ62: 에틸벤젠 | AK62: =G62*($AH$79*(273/(273+$AI$79))*(($Q$17+$AK$79)/760)) -> #N/A | AL62: =TYPE(F62) -> 2 | AO62: 에틸벤젠
C63: =IF(ISNUMBER(SEARCH("현대자동차",$E$4)),AO63,AJ63) -> 스타이렌 | F63: =IF(H63="-","",IF(H63="ND",0,(IF(H63="","",J63*H63)))) | J63: 1 | M63: 기체크로마토그래피 | Z63: ES 01511.1d | AG63: 0.03 | AH63: ppm | AI63: 2 | AJ63: 스타이렌 | AK63: =G63*($AH$79*(273/(273+$AI$79))*(($Q$17+$AK$79)/760)) -> #N/A | AL63: =TYPE(F63) -> 2 | AO63: 스틸렌
C64: 아닐린 | F64: =IF(H64="-","",IF(H64="ND",0,(IF(H64="","",J64*H64)))) | J64: 1 | M64: 기체크로마토그래피 | Z64: ES 01520.b | AG64: 0.03 | AH64: ppm | AI64: 2 | AJ64: 아닐린 | AL64: =TYPE(F64) -> 2 | AO64: 아닐린
C65: =IF(ISNUMBER(SEARCH("현대자동차",$E$4)),AO65,AJ65) -> 톨루엔 | F65: =IF(H65="-","",IF(H65="ND",0,(IF(H65="","",J65*H65)))) | J65: 1 | M65: 기체크로마토그래피 | Z65: ES 01511.1d | AG65: 0.03 | AH65: ppm | AI65: 2 | AJ65: 톨루엔 | AK65: =G65*($AH$79*(273/(273+$AI$79))*(($Q$17+$AK$79)/760)) -> #N/A | AL65: =TYPE(F65) -> 2 | AO65: 톨루엔
C66: =IF(ISNUMBER(SEARCH("현대자동차",$E$4)),AO66,AJ66) -> 자일렌 | F66: =IF(H66="-","",IF(H66="ND",0,(IF(H66="","",J66*H66)))) | J66: 1 | M66: 기체크로마토그래피 | Z66: ES 01511.1d | AG66: 0.03 | AH66: ppm | AI66: 2 | AJ66: 자일렌 | AK66: =G66*($AH$79*(273/(273+$AI$79))*(($Q$17+$AK$79)/760)) -> #N/A | AL66: =TYPE(F66) -> 2 | AO66: 자일렌
C67: 다환방향족탄화수소류 | F67: =IF(H67="-","",IF(H67="ND",0,(IF(H67="","",J67*H67)))) | J67: 1 | M67: 기체크로마토그래피 | Z67: ES 01505.1b | AG67: 3.2 | AH67: ng/S㎥ | AI67: 2 | AJ67: 다환방향족탄화수소류 | AL67: =TYPE(F67) -> 2 | AO67: 다환방향족탄화수소류
C68: =IF(ISNUMBER(SEARCH("현대자동차",$E$4)),AO68,AJ68) -> 이황화메틸 | F68: =IF(H68="-","",IF(H68="ND",0,(IF(H68="","",J68*H68)))) | J68: 1 | M68: 저온농충-모세관컬럼-기체크로마토그래피 | Z68: ES 01521.a | AG68: 0.03 | AH68: ppm | AI68: 2 | AJ68: 이황화메틸 | AK68: =G68*($AH$79*(273/(273+$AI$79))*(($Q$17+$AK$79)/760)) -> #N/A | AL68: =TYPE(F68) -> 2 | AO68: 이황화메틸
F69: =IF(H69="-","",IF(H69="ND",0,(IF(H69="","",J69*H69)))) | AK69: =G69*($AH$79*(273/(273+$AI$79))*(($Q$17+$AK$79)/760)) -> #N/A
C70: =IF(ISNUMBER(SEARCH("현대자동차",$E$4)),AO70,AJ70) -> 폼알데하이드 | F70: =IF(H70="-","",IF(H70="ND",0,(IF(H70="","",J70*H70)))) | J70: 1 | M70: 고성능액체크로마토그래피 | Z70: ES 01501.1d | AG70: 0.003 | AH70: ppm | AI70: 3 | AJ70: 폼알데하이드 | AK70: =G70*($AH$79*(273/(273+$AI$79))*(($Q$17+$AK$79)/760)) -> #N/A | AL70: =TYPE(F70) -> 2 | AO70: 포름알데히드
C71: =IF(ISNUMBER(SEARCH("현대자동차",$E$4)),AO71,AJ71) -> 아세트알데하이드 | F71: =IF(H71="-","",IF(H71="ND",0,(IF(H71="","",J71*H71)))) | J71: 1 | M71: 고성능액체크로마토그래피 | Z71: ES 01501.1d | AG71: 0.003 | AH71: ppm | AI71: 3 | AJ71: 아세트알데하이드 | AK71: =G71*($AH$79*(273/(273+$AI$79))*(($Q$17+$AK$79)/760)) -> #N/A | AL71: =TYPE(F71) -> 2 | AO71: 아세트알데히드
C72: =IF(ISNUMBER(SEARCH("현대자동차",$E$4)),AO72,AJ72) -> 아크롤레인 | F72: =IF(H72="-","",IF(H72="ND",0,(IF(H72="","",J72*H72)))) | J72: 1 | M72: 고성능액체크로마토그래피 | Z72: ES 01501.1d | AG72: 0.003 | AH72: ppm | AI72: 3 | AJ72: 아크롤레인 | AL72: =TYPE(F72) -> 2 | AO72: 아크롤레인
C73: 벤지딘 | F73: =IF(H73="-","",IF(H73="ND",0,(IF(H73="","",J73*H73)))) | J73: 1 | M73: 액체크로마토그래피 | Z73: ES 01518.2a | AG73: 0.01 | AH73: ppm | AI73: 2 | AJ73: 벤지딘 | AL73: =TYPE(F73) -> 2 | AO73: 벤지딘
C74: 히드라진 | F74: =IF(H74="-","",IF(H74="ND",0,(IF(H74="","",J74*H74)))) | J74: 1 | M74: 고성능액체크로마토그래피 | Z74: ES 01319.1d | AG74: 0.01 | AH74: ppm | AI74: 2 | AJ74: 히드라진 | AL74: =TYPE(F74) -> 2 | AO74: 히드라진
AG79: VOC채취량(L) 1 L ~ 5 L | AH79: 1 | AI79: =VLOOKUP("*VOC*",'한종_시료채취기록지 (사용X)'!A33:U44,8,0) -> #N/A | AJ79: 압력 | AK79: =VLOOKUP("*VOC*",'한종_시료채취기록지 (사용X)'!A33:U44,6,0) -> #N/A

Sheet Sheet1
C5: 성적서 항목명 | D5: 현대차 항목명 | E5: 수식열
C6: 먼지 | D6: 먼지 | E6: =IF(ISNUMBER(SEARCH("현대자동차",'대기측정 분석결과서'!$E$4)),D6,C6) -> 먼지 | F6: 먼지 | H6: 18. | I6: 염화바이닐
C7: 매연 | D7: 매연 | E7: =IF(ISNUMBER(SEARCH("현대자동차",'대기측정 분석결과서'!$E$4)),D7,C7) -> 매연 | F7: 매연 | H7: 19. | I7: 1,3-뷰타다이엔
C8: NOx | D8: 질소산화물 | E8: =IF(ISNUMBER(SEARCH("현대자동차",'대기측정 분석결과서'!$E$4)),D8,C8) -> NOx | F8: 옵티마 | H8: 20. | I8: 다이클로로메테인
C9: SOx | D9: 황산화물 | E9: =IF(ISNUMBER(SEARCH("현대자동차",'대기측정 분석결과서'!$E$4)),D9,C9) -> SOx | F9: 옵티마 | H9: 21. | I9: 아크릴로나이트릴
C10: CO | D10: 일산화탄소 | E10: =IF(ISNUMBER(SEARCH("현대자동차",'대기측정 분석결과서'!$E$4)),D10,C10) -> CO | F10: 옵티마 | H10: 22. | I10: 클로로폼
C11: THC | D11: 탄화수소(THC) | E11: =IF(ISNUMBER(SEARCH("현대자동차",'대기측정 분석결과서'!$E$4)),D11,C11) -> THC | F11: THC | H11: 23. | I11: 사염화탄소
H12: 24. | I12: 벤젠
C13: 암모니아 | D13: 암모니아 | E13: =IF(ISNUMBER(SEARCH("현대자동차",'대기측정 분석결과서'!$E$4)),D13,C13) -> 암모니아 | H13: 25. | I13: 1,2-다이클로로에테인
C14: 염화수소 | D14: 염화수소 | E14: =IF(ISNUMBER(SEARCH("현대자동차",'대기측정 분석결과서'!$E$4)),D14,C14) -> 염화수소 | H14: 26. | I14: 트라이클로로에틸렌
C15: 이황화탄소 | D15: 이황화탄소 | E15: =IF(ISNUMBER(SEARCH("현대자동차",'대기측정 분석결과서'!$E$4)),D15,C15) -> 이황화탄소 | H15: 27. | I15: 톨루엔
C16: 황화수소 | D16: 황화수소 | E16: =IF(ISNUMBER(SEARCH("현대자동차",'대기측정 분석결과서'!$E$4)),D16,C16) -> 황화수소 | H16: 28. | I16: 테트라클로로에틸렌
C17: 플루오린화합물 | D17: 불소화합물 | E17: =IF(ISNUMBER(SEARCH("현대자동차",'대기측정 분석결과서'!$E$4)),D17,C17) -> 플루오린화합물 | H17: 29. | I17: 에틸벤젠
C18: 사이안화수소 | D18: 시안화수소 | E18: =IF(ISNUMBER(SEARCH("현대자동차",'대기측정 분석결과서'!$E$4)),D18,C18) -> 사이안화수소 | H18: 30. | I18: 자일렌
C19: 브로민화합물 | D19: 브롬화합물 | E19: =IF(ISNUMBER(SEARCH("현대자동차",'대기측정 분석결과서'!$E$4)),D19,C19) -> 브로민화합물 | H19: 31. | I19: 스타이렌
C20: 페놀화합물 | D20: 페놀화합물 | E20: =IF(ISNUMBER(SEARCH("현대자동차",'대기측정 분석결과서'!$E$4)),D20,C20) -> 페놀화합물 | H20: 32. | I20: 이황화메틸
C22: 비소 | D22: 비소화합물 | E22: =IF(ISNUMBER(SEARCH("현대자동차",'대기측정 분석결과서'!$E$4)),D22,C22) -> 비소 | F22: 중금속 | H22: 33. | I22: 폼알데하이드
C23: 카드뮴 | D23: 카드뮴화합물 | E23: =IF(ISNUMBER(SEARCH("현대자동차",'대기측정 분석결과서'!$E$4)),D23,C23) -> 카드뮴 | F23: 중금속 | H23: 34. | I23: 아세트알데하이드
C24: 납 | D24: 납화합물 | E24: =IF(ISNUMBER(SEARCH("현대자동차",'대기측정 분석결과서'!$E$4)),D24,C24) -> 납 | F24: 중금속 | H24: 35. | I24: 아크롤레인
C25: 크로뮴 | D25: 크롬화합물 | E25: =IF(ISNUMBER(SEARCH("현대자동차",'대기측정 분석결과서'!$E$4)),D25,C25) -> 크로뮴 | F25: 중금속
C26: 구리 | D26: 구리화합물 | E26: =IF(ISNUMBER(SEARCH("현대자동차",'대기측정 분석결과서'!$E$4)),D26,C26) -> 구리 | F26: 중금속
C27: 니켈 | D27: 니켈화합물 | E27: =IF(ISNUMBER(SEARCH("현대자동차",'대기측정 분석결과서'!$E$4)),D27,C27) -> 니켈 | F27: 중금속
C28: 아연 | D28: 아연화합물 | E28: =IF(ISNUMBER(SEARCH("현대자동차",'대기측정 분석결과서'!$E$4)),D28,C28) -> 아연 | F28: 중금속
C29: 수은 | D29: 수은화합물 | E29: =IF(ISNUMBER(SEARCH("현대자동차",'대기측정 분석결과서'!$E$4)),D29,C29) -> 수은 | F29: 수은
C30: 베릴륨 | D30: 베릴륨 및 그 화합물 | E30: =IF(ISNUMBER(SEARCH("현대자동차",'대기측정 분석결과서'!$E$4)),D30,C30) -> 베릴륨 | F30: 중금속
C32: 염화바이닐 | D32: 염화비닐 | E32: =IF(ISNUMBER(SEARCH("현대자동차",'대기측정 분석결과서'!$E$4)),D32,C32) -> 염화바이닐 | F32: A
C33: 1,3-뷰타다이엔 | D33: 1,3-부타디엔 | E33: =IF(ISNUMBER(SEARCH("현대자동차",'대기측정 분석결과서'!$E$4)),D33,C33) -> 1,3-뷰타다이엔 | F33: A
C34: 다이클로로메테인 | D34: 디클로로메탄 | E34: =IF(ISNUMBER(SEARCH("현대자동차",'대기측정 분석결과서'!$E$4)),D34,C34) -> 다이클로로메테인 | F34: T
C35: 아크릴로나이트릴 | D35: 아크릴로니트릴 | E35: =IF(ISNUMBER(SEARCH("현대자동차",'대기측정 분석결과서'!$E$4)),D35,C35) -> 아크릴로나이트릴 | F35: T
C36: 클로로폼 | D36: 클로로포름 | E36: =IF(ISNUMBER(SEARCH("현대자동차",'대기측정 분석결과서'!$E$4)),D36,C36) -> 클로로폼 | F36: T
C37: 사염화탄소 | D37: 사염화탄소 | E37: =IF(ISNUMBER(SEARCH("현대자동차",'대기측정 분석결과서'!$E$4)),D37,C37) -> 사염화탄소 | F37: A
... C51: 아크롤레인 | D51: 아크롤레인 | E51: =IF(ISNUMBER(SEARCH("현대자동차",'대기측정 분석결과서'!$E$4)),D51,C51) -> 아크롤레인 | F51: DNPH

Sheet 대기측정기록부
A1: [별지 제21호 서식] | T1: ="접수번호 : KGAR-"&RIGHT(YEAR('먼지측정 사전 Data'!N6),2)&"-"&'먼지측정 사전 Data'!O4 -> 접수번호 : KGAR-26-
A2: 대 기 측 정 기 록 부
A3: ①의뢰인 | B3: 상 호 (기관명) | F3: ='대기측정 분석결과서'!E4 -> 0 | L3: ② 일 반 현 황 | M3: 업 종 | P3: ='대기측정 분석결과서'!L6 -> 0 | W3: 기술인력
B4: 소 재 지 (주 소) | F4: ='대기측정 분석결과서'!E5 -> 0 | M4: 시설 종류 | P4: =IF('대기측정 분석결과서'!E12="",B23,'대기측정 분석결과서'!E12) -> 0 | W4: 맹호수 | Y4: 박민우 | AA4: 이동협 | AC4: 정우창 | AE4: 신민석 | AG4: 강민수 | AI4: 강원석 | AK4: 정종원 | AL4: 김흥록 | AM4: 송정현
B5: 대 표 자 (의뢰인) | F5: ='대기측정 분석결과서'!E6 -> 0 | M5: 사업장 종별 | P5: ='대기측정 분석결과서'!E10&" 종" -> 종
B6: 환 경 기 술 인 | F6: ='대기측정 분석결과서'!E7 -> 여 형 석
A7: ③의뢰내용 | B7: 측 정 용 도 | F7: ="자가 측정용" -> 자가 측정용 | W7: 품책 | Y7: 대기기책 | AC7: 현재분책
B8: 굴 뚝 | F8: 굴뚝 명칭 | M8: 높이 [m] | O8: 안지름(측정공) [m] | S8: 굴뚝 종별 [종] | W8: 진수일 | Y8: 이나영 | AC8: 이나영 | AG8: 김태우 | AI8: 백희석 | AK8: 김인현
F9: ='대기측정 분석결과서'!E9 -> 0 | M9: ='한종_시료채취기록지 '!N3&" m" -> 0 m | O9: =IF(LEN('한종_시료채취기록지 '!F9)=1,'한종_시료채취기록지 '!F9&".000 m", IF(LEN('한종_시료채취기록지 '!F9)=3,'한종_시료채취기록지 '!F9&"00 m", IF(LEN('한종_시료채취기록지 '!F9)=4,'한종_시료채취기록지 '!F9&"0 m", '한종_시료채취기록지 '!F9&" m"))) -> 0.000 X 0.000 m | S9: ='대기측정 분석결과서'!E11&" 종" -> 종
B10: 의 뢰 항 목 | F10: ='대기측정 분석결과서'!U11 -> THC (총 1 항목)
A11: ④시료채취 | B11: 현 장 기 상 | F11: 날씨 | H11: 기온 [℃] | J11: 습도 [%] | M11: 기압 [mmHg] | P11: 풍향 [풍] | S11: 풍속 [m/s] | W11: *분석기술인 -> 기술책임자
F12: ='대기측정 분석결과서'!E17 -> 0 | H12: ='대기측정 분석결과서'!I17 -> 0 | J12: ='대기측정 분석결과서'!M17 -> 0 | M12: ='대기측정 분석결과서'!Q17 -> 0 | P12: ='대기측정 분석결과서'!V17 -> 0 | S12: ='대기측정 분석결과서'!AA17 -> 0
B13: 배 출 가 스 | F13: 표준산소농도 | I13: 실측산소농도 | M13: 배출가스유량(산소보정 전) | R13: 배출가스유량(산소보정 후)
F14: =IF('먼지측정 사전 Data'!R13=20.9,"-",'먼지측정 사전 Data'!R13&" %") -> - | I14: ='먼지측정 사전 Data'!H14&" %" -> 0 % | M14: ='시험일지(계산일지-2)'!R11&" S㎥/분" -> #DIV/0! | R14: ='시험일지(계산일지-2)'!Q21&" S㎥/분" -> #DIV/0!
F15: 수분량 | I15: 배출가스온도 | M15: 배출가스 유속 | R15: 기타
F16: ='먼지측정 사전 Data'!H59&" %" -> #DIV/0! | I16: ='먼지측정 사전 Data'!R69&" ℃" -> #DIV/0! | M16: ='먼지측정 사전 Data'!R82&" m/s" -> #DIV/0! | R16: -
B17: 방 지 시 설 | F17: 명 칭 | M17: 대 상 물 질 | R17: 방 지 효 율
F18: ='대기측정 분석결과서'!E13&IF('대기측정 분석결과서'!L10="",""," ("&'대기측정 분석결과서'!L10&")") | M18: - | R18: - | T18: %
B19: 채 취 일 시 | F19: 채취일 | H19: ='먼지측정 사전 Data'!N5 -> 0 | M19: 시료채취자 | Q19: ='대기측정 분석결과서'!U7&" (서명)" -> 0 (서명)
F20: 채취시간 | H20: ='먼지측정 사전 Data'!H6&" : "&IF('먼지측정 사전 Data'!I6<10,"0"&'먼지측정 사전 Data'!I6,'먼지측정 사전 Data'!I6)&" ~ "&'먼지측정 사전 Data'!K6&" : "&IF('먼지측정 사전 Data'!L6<10,"0"&'먼지측정 사전 Data'!L6,'먼지측정 사전 Data'!L6) -> : 0 ~ : 0 | Q20: ='대기측정 분석결과서'!X7&" (서명)" -> 0 (서명)
A21: ⑤ 시 설 가 동 상 황 | B21: 배출시설 명칭 | F21: 측정당시 시간당 사용(생산)량 | R21: 방지시설 명칭
F22: 연료사용량 | H22: 제품생산량 | J22: 소각량 | L22: 원료투입량 | N22: 종류 | P22: 단위
B23: ='대기측정 분석결과서'!E9 -> 0 | F23: ='대기측정 분석결과서'!L11 -> - | H23: - | J23: - | L23: - | N23: =IF(F23="-","-","LNG") -> - | P23: ='대기측정 분석결과서'!N11 -> Kg/Hr | R23: =IF(F18=0,"",'대기측정 분석결과서'!E13) -> 0
A24: ⑥측정분석결과 | B24: 측 정 항 목 | F24: 허용 기준 | I24: 측정분석값 | L24: 측정시간 | O24: 측정분석방법 (기기명) | S24: 비고
F26: =IF(B26="","","??") | H26: =IF(B26="","",INDEX('대기측정 분석결과서'!$AH$23:$AH$74,MATCH(B26,측정항목,0))) | I26: =IF(B26="","", IF(INDEX('대기측정 분석결과서'!$F$23:$I$74,MATCH(B26,항목,0),1)="","값없음", IF(ISERROR(FIXED(IF(INDEX('대기측정 분석결과서'!$F$23:$I$74,MATCH(B26,항목,0),1)<INDEX('대기측정 분석결과서'!$AG$23:$AG$74,MATCH(B26,항목,0)),"불검출", INDEX('대기측정 분석결과서'!$F$23:$I$74,MATCH(B26,항목,0),1)),INDEX('대기측정 분석결과서'!$AI$23:$AI$74,MATCH(B26,항목,0)))),"불검출", FIXED(INDEX('대기측정 분석결과서'!$F$23:$I$74,MATCH(B26,항목,0),1),INDEX('대기측정 분석결과서'!$AI$23:$AI$74,MATCH(B26,항목,0)))))) | L26: =IF(B26="","", IF(INDEX(Sheet1!$E$6:$F$51,MATCH(B26,Sheet1!$E$6:$E$51,0),2)="수은", '한종_시료채취기록지 '!$AG$20, IF(INDEX(Sheet1!$E$6:$F$51,MATCH(B26,Sheet1!$E$6:$E$51,0),2)="먼지", '한종_시료채취기록지 '!$Y$20, IF(INDEX(Sheet1!$E$6:$F$51,MATCH(B26,Sheet1!$E$6:$E$51,0),2)="THC", '한종_시료채취기록지 '!$AC$23, IF(INDEX(Sheet1!$E$6:$F$51,MATCH(B26,Sheet1!$E$6:$E$51,0),2)="매연", '한종_시료채취기록지 '!$AG$23, IF(INDEX(Sheet1!$E$6:$F$51,MATCH(B26,Sheet1!$E$6:$E$51,0),2)="옵티마", '한종_시료채취기록지 '!$Y$23, IF(INDEX(Sheet1!$E$6:$F$51,MATCH(B26,Sheet1!$E$6:$E$51,0),2)="중금속", '한종_시료채취기록지 '!$AC$20, IF(INDEX(Sheet1!$E$6:$F$51,MATCH(B26,Sheet1!$E$6:$E$51,0),2)="T", IFERROR( INDEX(가스상항목시간,MATCH("VOCs-T",가스상항목,0),5), INDEX(가스상항목시간,MATCH("VOCs-A",가스상항목,0),5) ), IF(INDEX(Sheet1!$E$6:$F$51,MATCH(B26,Sheet1!$E$6:$E$51,0),2)="A", INDEX(가스상항목시간,MATCH("VOCs-A",가스상항목,0),5), IF(INDEX(Sheet1!$E$6:$F$51,MATCH(B26,Sheet1!$E$6:$E$51,0),2)="DNPH", INDEX(가스상항목시간,MATCH("VOCs",가스상항목,0),5), INDEX(가스상항목시간,MATCH(B26,가스상항목,0),5) )))))))))) | O26: =IF(B26="","",INDEX('대기측정 분석결과서'!$Z$23:$Z$74,MATCH(B26,항목,0))) | S26: =IF(B26="","",INDEX('대기측정 분석결과서'!$M$23:$M$74,MATCH(B26,항목,0))) | V26: -이하여백-
F27: =IF(B27="","","??") | H27: =IF(B27="","",INDEX('대기측정 분석결과서'!$AH$23:$AH$74,MATCH(B27,측정항목,0))) | I27: =IF(B27="","", IF(INDEX('대기측정 분석결과서'!$F$23:$I$74,MATCH(B27,항목,0),1)="","값없음", IF(ISERROR(FIXED(IF(INDEX('대기측정 분석결과서'!$F$23:$I$74,MATCH(B27,항목,0),1)<INDEX('대기측정 분석결과서'!$AG$23:$AG$74,MATCH(B27,항목,0)),"불검출", INDEX('대기측정 분석결과서'!$F$23:$I$74,MATCH(B27,항목,0),1)),INDEX('대기측정 분석결과서'!$AI$23:$AI$74,MATCH(B27,항목,0)))),"불검출", FIXED(INDEX('대기측정 분석결과서'!$F$23:$I$74,MATCH(B27,항목,0),1),INDEX('대기측정 분석결과서'!$AI$23:$AI$74,MATCH(B27,항목,0)))))) | L27: =IF(B27="","", IF(INDEX(Sheet1!$E$6:$F$51,MATCH(B27,Sheet1!$E$6:$E$51,0),2)="수은", '한종_시료채취기록지 '!$AG$20, IF(INDEX(Sheet1!$E$6:$F$51,MATCH(B27,Sheet1!$E$6:$E$51,0),2)="먼지", '한종_시료채취기록지 '!$Y$20, IF(INDEX(Sheet1!$E$6:$F$51,MATCH(B27,Sheet1!$E$6:$E$51,0),2)="THC", '한종_시료채취기록지 '!$AC$23, IF(INDEX(Sheet1!$E$6:$F$51,MATCH(B27,Sheet1!$E$6:$E$51,0),2)="매연", '한종_시료채취기록지 '!$AG$23, IF(INDEX(Sheet1!$E$6:$F$51,MATCH(B27,Sheet1!$E$6:$E$51,0),2)="옵티마", '한종_시료채취기록지 '!$Y$23, IF(INDEX(Sheet1!$E$6:$F$51,MATCH(B27,Sheet1!$E$6:$E$51,0),2)="중금속", '한종_시료채취기록지 '!$AC$20, IF(INDEX(Sheet1!$E$6:$F$51,MATCH(B27,Sheet1!$E$6:$E$51,0),2)="T", IFERROR( INDEX(가스상항목시간,MATCH("VOCs-T",가스상항목,0),5), INDEX(가스상항목시간,MATCH("VOCs-A",가스상항목,0),5) ), IF(INDEX(Sheet1!$E$6:$F$51,MATCH(B27,Sheet1!$E$6:$E$51,0),2)="A", INDEX(가스상항목시간,MATCH("VOCs-A",가스상항목,0),5), IF(INDEX(Sheet1!$E$6:$F$51,MATCH(B27,Sheet1!$E$6:$E$51,0),2)="DNPH", INDEX(가스상항목시간,MATCH("VOCs",가스상항목,0),5), INDEX(가스상항목시간,MATCH(B27,가스상항목,0),5) )))))))))) | O27: =IF(B27="","",INDEX('대기측정 분석결과서'!$Z$23:$Z$74,MATCH(B27,항목,0))) | S27: =IF(B27="","",INDEX('대기측정 분석결과서'!$M$23:$M$74,MATCH(B27,항목,0)))
F28: =IF(B28="","","??") | H28: =IF(B28="","",INDEX('대기측정 분석결과서'!$AH$23:$AH$74,MATCH(B28,측정항목,0))) | I28: =IF(B28="","", IF(INDEX('대기측정 분석결과서'!$F$23:$I$74,MATCH(B28,항목,0),1)="","값없음", IF(ISERROR(FIXED(IF(INDEX('대기측정 분석결과서'!$F$23:$I$74,MATCH(B28,항목,0),1)<INDEX('대기측정 분석결과서'!$AG$23:$AG$74,MATCH(B28,항목,0)),"불검출", INDEX('대기측정 분석결과서'!$F$23:$I$74,MATCH(B28,항목,0),1)),INDEX('대기측정 분석결과서'!$AI$23:$AI$74,MATCH(B28,항목,0)))),"불검출", FIXED(INDEX('대기측정 분석결과서'!$F$23:$I$74,MATCH(B28,항목,0),1),INDEX('대기측정 분석결과서'!$AI$23:$AI$74,MATCH(B28,항목,0)))))) | L28: =IF(B28="","", IF(INDEX(Sheet1!$E$6:$F$51,MATCH(B28,Sheet1!$E$6:$E$51,0),2)="수은", '한종_시료채취기록지 '!$AG$20, IF(INDEX(Sheet1!$E$6:$F$51,MATCH(B28,Sheet1!$E$6:$E$51,0),2)="먼지", '한종_시료채취기록지 '!$Y$20, IF(INDEX(Sheet1!$E$6:$F$51,MATCH(B28,Sheet1!$E$6:$E$51,0),2)="THC", '한종_시료채취기록지 '!$AC$23, IF(INDEX(Sheet1!$E$6:$F$51,MATCH(B28,Sheet1!$E$6:$E$51,0),2)="매연", '한종_시료채취기록지 '!$AG$23, IF(INDEX(Sheet1!$E$6:$F$51,MATCH(B28,Sheet1!$E$6:$E$51,0),2)="옵티마", '한종_시료채취기록지 '!$Y$23, IF(INDEX(Sheet1!$E$6:$F$51,MATCH(B28,Sheet1!$E$6:$E$51,0),2)="중금속", '한종_시료채취기록지 '!$AC$20, IF(INDEX(Sheet1!$E$6:$F$51,MATCH(B28,Sheet1!$E$6:$E$51,0),2)="T", IFERROR( INDEX(가스상항목시간,MATCH("VOCs-T",가스상항목,0),5), INDEX(가스상항목시간,MATCH("VOCs-A",가스상항목,0),5) ), IF(INDEX(Sheet1!$E$6:$F$51,MATCH(B28,Sheet1!$E$6:$E$51,0),2)="A", INDEX(가스상항목시간,MATCH("VOCs-A",가스상항목,0),5), IF(INDEX(Sheet1!$E$6:$F$51,MATCH(B28,Sheet1!$E$6:$E$51,0),2)="DNPH", INDEX(가스상항목시간,MATCH("VOCs",가스상항목,0),5), INDEX(가스상항목시간,MATCH(B28,가스상항목,0),5) )))))))))) | O28: =IF(B28="","",INDEX('대기측정 분석결과서'!$Z$23:$Z$74,MATCH(B28,항목,0))) | S28: =IF(B28="","",INDEX('대기측정 분석결과서'!$M$23:$M$74,MATCH(B28,항목,0)))
F29: =IF(B29="","","??") | H29: =IF(B29="","",INDEX('대기측정 분석결과서'!$AH$23:$AH$74,MATCH(B29,측정항목,0))) | I29: =IF(B29="","", IF(INDEX('대기측정 분석결과서'!$F$23:$I$74,MATCH(B29,항목,0),1)="","값없음", IF(ISERROR(FIXED(IF(INDEX('대기측정 분석결과서'!$F$23:$I$74,MATCH(B29,항목,0),1)<INDEX('대기측정 분석결과서'!$AG$23:$AG$74,MATCH(B29,항목,0)),"불검출", INDEX('대기측정 분석결과서'!$F$23:$I$74,MATCH(B29,항목,0),1)),INDEX('대기측정 분석결과서'!$AI$23:$AI$74,MATCH(B29,항목,0)))),"불검출", FIXED(INDEX('대기측정 분석결과서'!$F$23:$I$74,MATCH(B29,항목,0),1),INDEX('대기측정 분석결과서'!$AI$23:$AI$74,MATCH(B29,항목,0)))))) | L29: =IF(B29="","", IF(INDEX(Sheet1!$E$6:$F$51,MATCH(B29,Sheet1!$E$6:$E$51,0),2)="수은", '한종_시료채취기록지 '!$AG$20, IF(INDEX(Sheet1!$E$6:$F$51,MATCH(B29,Sheet1!$E$6:$E$51,0),2)="먼지", '한종_시료채취기록지 '!$Y$20, IF(INDEX(Sheet1!$E$6:$F$51,MATCH(B29,Sheet1!$E$6:$E$51,0),2)="THC", '한종_시료채취기록지 '!$AC$23, IF(INDEX(Sheet1!$E$6:$F$51,MATCH(B29,Sheet1!$E$6:$E$51,0),2)="매연", '한종_시료채취기록지 '!$AG$23, IF(INDEX(Sheet1!$E$6:$F$51,MATCH(B29,Sheet1!$E$6:$E$51,0),2)="옵티마", '한종_시료채취기록지 '!$Y$23, IF(INDEX(Sheet1!$E$6:$F$51,MATCH(B29,Sheet1!$E$6:$E$51,0),2)="중금속", '한종_시료채취기록지 '!$AC$20, IF(INDEX(Sheet1!$E$6:$F$51,MATCH(B29,Sheet1!$E$6:$E$51,0),2)="T", IFERROR( INDEX(가스상항목시간,MATCH("VOCs-T",가스상항목,0),5), INDEX(가스상항목시간,MATCH("VOCs-A",가스상항목,0),5) ), IF(INDEX(Sheet1!$E$6:$F$51,MATCH(B29,Sheet1!$E$6:$E$51,0),2)="A", INDEX(가스상항목시간,MATCH("VOCs-A",가스상항목,0),5), IF(INDEX(Sheet1!$E$6:$F$51,MATCH(B29,Sheet1!$E$6:$E$51,0),2)="DNPH", INDEX(가스상항목시간,MATCH("VOCs",가스상항목,0),5), INDEX(가스상항목시간,MATCH(B29,가스상항목,0),5) )))))))))) | O29: =IF(B29="","",INDEX('대기측정 분석결과서'!$Z$23:$Z$74,MATCH(B29,항목,0))) | S29: =IF(B29="","",INDEX('대기측정 분석결과서'!$M$23:$M$74,MATCH(B29,항목,0)))
F30: =IF(B30="","","??") | H30: =IF(B30="","",INDEX('대기측정 분석결과서'!$AH$23:$AH$74,MATCH(B30,측정항목,0))) | I30: =IF(B30="","", IF(INDEX('대기측정 분석결과서'!$F$23:$I$74,MATCH(B30,항목,0),1)="","값없음", IF(ISERROR(FIXED(IF(INDEX('대기측정 분석결과서'!$F$23:$I$74,MATCH(B30,항목,0),1)<INDEX('대기측정 분석결과서'!$AG$23:$AG$74,MATCH(B30,항목,0)),"불검출", INDEX('대기측정 분석결과서'!$F$23:$I$74,MATCH(B30,항목,0),1)),INDEX('대기측정 분석결과서'!$AI$23:$AI$74,MATCH(B30,항목,0)))),"불검출", FIXED(INDEX('대기측정 분석결과서'!$F$23:$I$74,MATCH(B30,항목,0),1),INDEX('대기측정 분석결과서'!$AI$23:$AI$74,MATCH(B30,항목,0)))))) | L30: =IF(B30="","", IF(INDEX(Sheet1!$E$6:$F$51,MATCH(B30,Sheet1!$E$6:$E$51,0),2)="수은", '한종_시료채취기록지 '!$AG$20, IF(INDEX(Sheet1!$E$6:$F$51,MATCH(B30,Sheet1!$E$6:$E$51,0),2)="먼지", '한종_시료채취기록지 '!$Y$20, IF(INDEX(Sheet1!$E$6:$F$51,MATCH(B30,Sheet1!$E$6:$E$51,0),2)="THC", '한종_시료채취기록지 '!$AC$23, IF(INDEX(Sheet1!$E$6:$F$51,MATCH(B30,Sheet1!$E$6:$E$51,0),2)="매연", '한종_시료채취기록지 '!$AG$23, IF(INDEX(Sheet1!$E$6:$F$51,MATCH(B30,Sheet1!$E$6:$E$51,0),2)="옵티마", '한종_시료채취기록지 '!$Y$23, IF(INDEX(Sheet1!$E$6:$F$51,MATCH(B30,Sheet1!$E$6:$E$51,0),2)="중금속", '한종_시료채취기록지 '!$AC$20, IF(INDEX(Sheet1!$E$6:$F$51,MATCH(B30,Sheet1!$E$6:$E$51,0),2)="T", IFERROR( INDEX(가스상항목시간,MATCH("VOCs-T",가스상항목,0),5), INDEX(가스상항목시간,MATCH("VOCs-A",가스상항목,0),5) ), IF(INDEX(Sheet1!$E$6:$F$51,MATCH(B30,Sheet1!$E$6:$E$51,0),2)="A", INDEX(가스상항목시간,MATCH("VOCs-A",가스상항목,0),5), IF(INDEX(Sheet1!$E$6:$F$51,MATCH(B30,Sheet1!$E$6:$E$51,0),2)="DNPH", INDEX(가스상항목시간,MATCH("VOCs",가스상항목,0),5), INDEX(가스상항목시간,MATCH(B30,가스상항목,0),5) )))))))))) | O30: =IF(B30="","",INDEX('대기측정 분석결과서'!$Z$23:$Z$74,MATCH(B30,항목,0))) | S30: =IF(B30="","",INDEX('대기측정 분석결과서'!$M$23:$M$74,MATCH(B30,항목,0)))
F31: =IF(B31="","","??") | H31: =IF(B31="","",INDEX('대기측정 분석결과서'!$AH$23:$AH$74,MATCH(B31,측정항목,0))) | I31: =IF(B31="","", IF(INDEX('대기측정 분석결과서'!$F$23:$I$74,MATCH(B31,항목,0),1)="","값없음", IF(ISERROR(FIXED(IF(INDEX('대기측정 분석결과서'!$F$23:$I$74,MATCH(B31,항목,0),1)<INDEX('대기측정 분석결과서'!$AG$23:$AG$74,MATCH(B31,항목,0)),"불검출", INDEX('대기측정 분석결과서'!$F$23:$I$74,MATCH(B31,항목,0),1)),INDEX('대기측정 분석결과서'!$AI$23:$AI$74,MATCH(B31,항목,0)))),"불검출", FIXED(INDEX('대기측정 분석결과서'!$F$23:$I$74,MATCH(B31,항목,0),1),INDEX('대기측정 분석결과서'!$AI$23:$AI$74,MATCH(B31,항목,0)))))) | L31: =IF(B31="","", IF(INDEX(Sheet1!$E$6:$F$51,MATCH(B31,Sheet1!$E$6:$E$51,0),2)="수은", '한종_시료채취기록지 '!$AG$20, IF(INDEX(Sheet1!$E$6:$F$51,MATCH(B31,Sheet1!$E$6:$E$51,0),2)="먼지", '한종_시료채취기록지 '!$Y$20, IF(INDEX(Sheet1!$E$6:$F$51,MATCH(B31,Sheet1!$E$6:$E$51,0),2)="THC", '한종_시료채취기록지 '!$AC$23, IF(INDEX(Sheet1!$E$6:$F$51,MATCH(B31,Sheet1!$E$6:$E$51,0),2)="매연", '한종_시료채취기록지 '!$AG$23, IF(INDEX(Sheet1!$E$6:$F$51,MATCH(B31,Sheet1!$E$6:$E$51,0),2)="옵티마", '한종_시료채취기록지 '!$Y$23, IF(INDEX(Sheet1!$E$6:$F$51,MATCH(B31,Sheet1!$E$6:$E$51,0),2)="중금속", '한종_시료채취기록지 '!$AC$20, IF(INDEX(Sheet1!$E$6:$F$51,MATCH(B31,Sheet1!$E$6:$E$51,0),2)="T", IFERROR( INDEX(가스상항목시간,MATCH("VOCs-T",가스상항목,0),5), INDEX(가스상항목시간,MATCH("VOCs-A",가스상항목,0),5) ), IF(INDEX(Sheet1!$E$6:$F$51,MATCH(B31,Sheet1!$E$6:$E$51,0),2)="A", INDEX(가스상항목시간,MATCH("VOCs-A",가스상항목,0),5), IF(INDEX(Sheet1!$E$6:$F$51,MATCH(B31,Sheet1!$E$6:$E$51,0),2)="DNPH", INDEX(가스상항목시간,MATCH("VOCs",가스상항목,0),5), INDEX(가스상항목시간,MATCH(B31,가스상항목,0),5) )))))))))) | O31: =IF(B31="","",INDEX('대기측정 분석결과서'!$Z$23:$Z$74,MATCH(B31,항목,0))) | S31: =IF(B31="","",INDEX('대기측정 분석결과서'!$M$23:$M$74,MATCH(B31,항목,0)))
F32: =IF(B32="","","??") | H32: =IF(B32="","",INDEX('대기측정 분석결과서'!$AH$23:$AH$74,MATCH(B32,측정항목,0))) | I32: =IF(B32="","", IF(INDEX('대기측정 분석결과서'!$F$23:$I$74,MATCH(B32,항목,0),1)="","값없음", IF(ISERROR(FIXED(IF(INDEX('대기측정 분석결과서'!$F$23:$I$74,MATCH(B32,항목,0),1)<INDEX('대기측정 분석결과서'!$AG$23:$AG$74,MATCH(B32,항목,0)),"불검출", INDEX('대기측정 분석결과서'!$F$23:$I$74,MATCH(B32,항목,0),1)),INDEX('대기측정 분석결과서'!$AI$23:$AI$74,MATCH(B32,항목,0)))),"불검출", FIXED(INDEX('대기측정 분석결과서'!$F$23:$I$74,MATCH(B32,항목,0),1),INDEX('대기측정 분석결과서'!$AI$23:$AI$74,MATCH(B32,항목,0)))))) | L32: =IF(B32="","", IF(INDEX(Sheet1!$E$6:$F$51,MATCH(B32,Sheet1!$E$6:$E$51,0),2)="수은", '한종_시료채취기록지 '!$AG$20, IF(INDEX(Sheet1!$E$6:$F$51,MATCH(B32,Sheet1!$E$6:$E$51,0),2)="먼지", '한종_시료채취기록지 '!$Y$20, IF(INDEX(Sheet1!$E$6:$F$51,MATCH(B32,Sheet1!$E$6:$E$51,0),2)="THC", '한종_시료채취기록지 '!$AC$23, IF(INDEX(Sheet1!$E$6:$F$51,MATCH(B32,Sheet1!$E$6:$E$51,0),2)="매연", '한종_시료채취기록지 '!$AG$23, IF(INDEX(Sheet1!$E$6:$F$51,MATCH(B32,Sheet1!$E$6:$E$51,0),2)="옵티마", '한종_시료채취기록지 '!$Y$23, IF(INDEX(Sheet1!$E$6:$F$51,MATCH(B32,Sheet1!$E$6:$E$51,0),2)="중금속", '한종_시료채취기록지 '!$AC$20, IF(INDEX(Sheet1!$E$6:$F$51,MATCH(B32,Sheet1!$E$6:$E$51,0),2)="T", IFERROR( INDEX(가스상항목시간,MATCH("VOCs-T",가스상항목,0),5), INDEX(가스상항목시간,MATCH("VOCs-A",가스상항목,0),5) ), IF(INDEX(Sheet1!$E$6:$F$51,MATCH(B32,Sheet1!$E$6:$E$51,0),2)="A", INDEX(가스상항목시간,MATCH("VOCs-A",가스상항목,0),5), IF(INDEX(Sheet1!$E$6:$F$51,MATCH(B32,Sheet1!$E$6:$E$51,0),2)="DNPH", INDEX(가스상항목시간,MATCH("VOCs",가스상항목,0),5), INDEX(가스상항목시간,MATCH(B32,가스상항목,0),5) )))))))))) | O32: =IF(B32="","",INDEX('대기측정 분석결과서'!$Z$23:$Z$74,MATCH(B32,항목,0))) | S32: =IF(B32="","",INDEX('대기측정 분석결과서'!$M$23:$M$74,MATCH(B32,항목,0)))
F33: =IF(B33="","","??") | H33: =IF(B33="","",INDEX('대기측정 분석결과서'!$AH$23:$AH$74,MATCH(B33,측정항목,0))) | I33: =IF(B33="","", IF(INDEX('대기측정 분석결과서'!$F$23:$I$74,MATCH(B33,항목,0),1)="","값없음", IF(ISERROR(FIXED(IF(INDEX('대기측정 분석결과서'!$F$23:$I$74,MATCH(B33,항목,0),1)<INDEX('대기측정 분석결과서'!$AG$23:$AG$74,MATCH(B33,항목,0)),"불검출", INDEX('대기측정 분석결과서'!$F$23:$I$74,MATCH(B33,항목,0),1)),INDEX('대기측정 분석결과서'!$AI$23:$AI$74,MATCH(B33,항목,0)))),"불검출", FIXED(INDEX('대기측정 분석결과서'!$F$23:$I$74,MATCH(B33,항목,0),1),INDEX('대기측정 분석결과서'!$AI$23:$AI$74,MATCH(B33,항목,0)))))) | L33: =IF(B33="","", IF(INDEX(Sheet1!$E$6:$F$51,MATCH(B33,Sheet1!$E$6:$E$51,0),2)="수은", '한종_시료채취기록지 '!$AG$20, IF(INDEX(Sheet1!$E$6:$F$51,MATCH(B33,Sheet1!$E$6:$E$51,0),2)="먼지", '한종_시료채취기록지 '!$Y$20, IF(INDEX(Sheet1!$E$6:$F$51,MATCH(B33,Sheet1!$E$6:$E$51,0),2)="THC", '한종_시료채취기록지 '!$AC$23, IF(INDEX(Sheet1!$E$6:$F$51,MATCH(B33,Sheet1!$E$6:$E$51,0),2)="매연", '한종_시료채취기록지 '!$AG$23, IF(INDEX(Sheet1!$E$6:$F$51,MATCH(B33,Sheet1!$E$6:$E$51,0),2)="옵티마", '한종_시료채취기록지 '!$Y$23, IF(INDEX(Sheet1!$E$6:$F$51,MATCH(B33,Sheet1!$E$6:$E$51,0),2)="중금속", '한종_시료채취기록지 '!$AC$20, IF(INDEX(Sheet1!$E$6:$F$51,MATCH(B33,Sheet1!$E$6:$E$51,0),2)="T", IFERROR( INDEX(가스상항목시간,MATCH("VOCs-T",가스상항목,0),5), INDEX(가스상항목시간,MATCH("VOCs-A",가스상항목,0),5) ), IF(INDEX(Sheet1!$E$6:$F$51,MATCH(B33,Sheet1!$E$6:$E$51,0),2)="A", INDEX(가스상항목시간,MATCH("VOCs-A",가스상항목,0),5), IF(INDEX(Sheet1!$E$6:$F$51,MATCH(B33,Sheet1!$E$6:$E$51,0),2)="DNPH", INDEX(가스상항목시간,MATCH("VOCs",가스상항목,0),5), INDEX(가스상항목시간,MATCH(B33,가스상항목,0),5) )))))))))) | O33: =IF(B33="","",INDEX('대기측정 분석결과서'!$Z$23:$Z$74,MATCH(B33,항목,0))) | S33: =IF(B33="","",INDEX('대기측정 분석결과서'!$M$23:$M$74,MATCH(B33,항목,0)))
B34: 분 석 기 간 | F34: ='먼지측정 사전 Data'!H5 -> 2026-02-06 ~ 1900-01-00 | M34: 분석기술인 | Q34: 책임기술인과 같음
M35: 책임기술인 | Q35: 이 나 영 | T35: (인)
A36: ⑦ 종 합 의 견 | H36: 배 출 허 용 기 준 에 | L36: 적합 | Q36: .
A37: 위와 같이 측정분석결과를 사실대로 기록합니다.
K38: =YEAR('먼지측정 사전 Data'!R6) -> 2026 | M38: 년 | O38: =MONTH('먼지측정 사전 Data'!R6) -> 2 | P38: 월 | R38: =DAY('먼지측정 사전 Data'!R6) -> 13 | S38: 일 | X38: 발행일
C39: 상 호 | H39: 한 국 종 합 환 경 산 업 ㈜
C40: 소재지 및 연락처 | H40: 부산광역시 강서구 대저중앙로394번가길 56(대저1동), 051-555-6511
C41: 대 표 자 성 명 | H41: 김항재 | S41: (서명 또는 인)
A42: ※ 본 성적서는 KS Q ISO/IEC 17025 및 KOLAS 인정과 관련이 없음.
A43: ※ 의뢰사항과 관련이 없는 난의 경우 “-”으로 기재됩니다.
A44: ※ 액체연료는 황함유량을 ( )안에 %단위로 표기하여 주시기 바랍니다.

Sheet 대기측정기록부(2페이지)
A1: [별지 제21호 서식] | T1: ="접수번호 : KGAR-"&RIGHT(YEAR('먼지측정 사전 Data'!N6),2)&"-"&'먼지측정 사전 Data'!O4 -> 접수번호 : KGAR-26-
A2: 대 기 측 정 기 록 부
A3: ①의뢰인 | B3: 상 호 (기관명) | F3: ='대기측정 분석결과서'!E4 -> 0 | L3: ② 일 반 현 황 | M3: 업 종 | P3: ='대기측정 분석결과서'!L6 -> 0
B4: 소 재 지 (주 소) | F4: ='대기측정 분석결과서'!E5 -> 0 | M4: 시설 종류 | P4: =IF('대기측정 분석결과서'!E12="",B23,'대기측정 분석결과서'!E12) -> 0 | W4: 기술인력
B5: 대 표 자 (의뢰인) | F5: ='대기측정 분석결과서'!E6 -> 0 | M5: 사업장 종별 | P5: ='대기측정 분석결과서'!E10&" 종" -> 종 | W5: 맹호수 | Y5: 박민우 | AA5: 이동협 | AC5: 정우창 | AE5: 신민석 | AG5: 강민수 | AI5: 강원석 | AK5: 정종원 | AL5: 김흥록 | AM5: 송정현
B6: 환 경 기 술 인 | F6: ='대기측정 분석결과서'!E7 -> 여 형 석
A7: ③의뢰내용 | B7: 측 정 용 도 | F7: ="자가 측정용" -> 자가 측정용
B8: 굴 뚝 | F8: 굴뚝 명칭 | M8: 높이 [m] | O8: 안지름(측정공) [m] | S8: 굴뚝 종별 [종] | W8: 품책 | Y8: 대기기책 | AC8: 현재분책
F9: ='대기측정 분석결과서'!E9&" "&"(KGAR-"&RIGHT(YEAR('먼지측정 사전 Data'!N6),2)&"-"&'먼지측정 사전 Data'!O4&")" -> (KGAR-26-) | M9: ='한종_시료채취기록지 '!N3&" m" -> 0 m | O9: =IF(LEN('한종_시료채취기록지 '!F9)=1,'한종_시료채취기록지 '!F9&".000 m", IF(LEN('한종_시료채취기록지 '!F9)=3,'한종_시료채취기록지 '!F9&"00 m", IF(LEN('한종_시료채취기록지 '!F9)=4,'한종_시료채취기록지 '!F9&"0 m", '한종_시료채취기록지 '!F9&" m"))) -> 0.000 X 0.000 m | S9: ='대기측정 분석결과서'!E11&" 종" -> 종 | W9: 진수일 | Y9: 이나영 | AC9: 이나영 | AG9: 김태우 | AI9: 백희석 | AK9: 김인현
B10: 의 뢰 항 목 | F10: ='대기측정 분석결과서'!U11 -> THC (총 1 항목)
A11: ④시료채취 | B11: 현 장 기 상 | F11: 날씨 | H11: 기온 [℃] | J11: 습도 [%] | M11: 기압 [mmHg] | P11: 풍향 [풍] | S11: 풍속 [m/s]
F12: ='대기측정 분석결과서'!E17 -> 0 | H12: ='대기측정 분석결과서'!I17 -> 0 | J12: ='대기측정 분석결과서'!M17 -> 0 | M12: ='대기측정 분석결과서'!Q17 -> 0 | P12: ='대기측정 분석결과서'!V17 -> 0 | S12: ='대기측정 분석결과서'!AA17 -> 0 | W12: *분석기술인 -> 기술책임자
B13: 배 출 가 스 | F13: 표준산소농도 | I13: 실측산소농도 | M13: 배출가스유량(산소보정 전) | R13: 배출가스유량(산소보정 후)
F14: =IF('먼지측정 사전 Data'!R13=20.9,"-",'먼지측정 사전 Data'!R13&" %") -> - | I14: ='먼지측정 사전 Data'!H14&" %" -> 0 % | M14: ='시험일지(계산일지-2)'!R11&" S㎥/분" -> #DIV/0! | R14: ='시험일지(계산일지-2)'!Q21&" S㎥/분" -> #DIV/0!
F15: 수분량 | I15: 배출가스온도 | M15: 배출가스 유속 | R15: 기타
F16: ='먼지측정 사전 Data'!H59&" %" -> #DIV/0! | I16: ='먼지측정 사전 Data'!R69&" ℃" -> #DIV/0! | M16: ='먼지측정 사전 Data'!R82&" m/s" -> #DIV/0! | R16: -
B17: 방 지 시 설 | F17: 명 칭 | M17: 대 상 물 질 | R17: 방 지 효 율
F18: ='대기측정 분석결과서'!E13&IF('대기측정 분석결과서'!L10="",""," ("&'대기측정 분석결과서'!L10&")") | M18: - | R18: - | T18: %
B19: 채 취 일 시 | F19: 채취일 | H19: ='먼지측정 사전 Data'!N5 -> 0 | M19: 시료채취자 | Q19: ='대기측정 분석결과서'!U7&" (서명)" -> 0 (서명)
F20: 채취시간 | H20: ='먼지측정 사전 Data'!H6&" : "&IF('먼지측정 사전 Data'!I6<10,"0"&'먼지측정 사전 Data'!I6,'먼지측정 사전 Data'!I6)&" ~ "&'먼지측정 사전 Data'!K6&" : "&IF('먼지측정 사전 Data'!L6<10,"0"&'먼지측정 사전 Data'!L6,'먼지측정 사전 Data'!L6) -> : 0 ~ : 0 | Q20: ='대기측정 분석결과서'!X7&" (서명)" -> 0 (서명)
A21: ⑤ 시 설 가 동 상 황 | B21: 배출시설 명칭 | F21: 측정당시 시간당 사용(생산)량 | R21: 방지시설 명칭
F22: 연료사용량 | H22: 제품생산량 | J22: 소각량 | L22: 원료투입량 | N22: 종류 | P22: 단위
B23: ='대기측정 분석결과서'!E9 -> 0 | F23: ='대기측정 분석결과서'!L11 -> - | H23: - | J23: - | L23: - | N23: =IF(F23="-","-","LNG") -> - | P23: ='대기측정 분석결과서'!N11 -> Kg/Hr | R23: =IF(F18=0,"",'대기측정 분석결과서'!E13) -> 0
A24: ⑥측정분석결과 | B24: 측 정 항 목 | F24: 허용 기준 | I24: 측정분석값 | L24: 측정시간 | O24: 측정분석방법 (기기명) | S24: 비고
F26: =IF(B26="","","??") | H26: =IF(B26="","",INDEX('대기측정 분석결과서'!$AH$23:$AH$74,MATCH(B26,측정항목,0))) | I26: =IF(B26="","", IF(INDEX('대기측정 분석결과서'!$F$23:$I$74,MATCH(B26,항목,0),1)="","값없음", IF(ISERROR(FIXED(IF(INDEX('대기측정 분석결과서'!$F$23:$I$74,MATCH(B26,항목,0),1)<INDEX('대기측정 분석결과서'!$AG$23:$AG$74,MATCH(B26,항목,0)),"불검출", INDEX('대기측정 분석결과서'!$F$23:$I$74,MATCH(B26,항목,0),1)),INDEX('대기측정 분석결과서'!$AI$23:$AI$74,MATCH(B26,항목,0)))),"불검출", FIXED(INDEX('대기측정 분석결과서'!$F$23:$I$74,MATCH(B26,항목,0),1),INDEX('대기측정 분석결과서'!$AI$23:$AI$74,MATCH(B26,항목,0)))))) | L26: =IF(B26="","", IF(INDEX(Sheet1!$E$6:$F$51,MATCH(B26,Sheet1!$E$6:$E$51,0),2)="수은", '한종_시료채취기록지 '!$AG$20, IF(INDEX(Sheet1!$E$6:$F$51,MATCH(B26,Sheet1!$E$6:$E$51,0),2)="먼지", '한종_시료채취기록지 '!$Y$20, IF(INDEX(Sheet1!$E$6:$F$51,MATCH(B26,Sheet1!$E$6:$E$51,0),2)="THC", '한종_시료채취기록지 '!$AC$23, IF(INDEX(Sheet1!$E$6:$F$51,MATCH(B26,Sheet1!$E$6:$E$51,0),2)="매연", '한종_시료채취기록지 '!$AG$23, IF(INDEX(Sheet1!$E$6:$F$51,MATCH(B26,Sheet1!$E$6:$E$51,0),2)="옵티마", '한종_시료채취기록지 '!$Y$23, IF(INDEX(Sheet1!$E$6:$F$51,MATCH(B26,Sheet1!$E$6:$E$51,0),2)="중금속", '한종_시료채취기록지 '!$AC$20, IF(INDEX(Sheet1!$E$6:$F$51,MATCH(B26,Sheet1!$E$6:$E$51,0),2)="T", IFERROR( INDEX(가스상항목시간,MATCH("VOCs-T",가스상항목,0),5), INDEX(가스상항목시간,MATCH("VOCs-A",가스상항목,0),5) ), IF(INDEX(Sheet1!$E$6:$F$51,MATCH(B26,Sheet1!$E$6:$E$51,0),2)="A", INDEX(가스상항목시간,MATCH("VOCs-A",가스상항목,0),5), IF(INDEX(Sheet1!$E$6:$F$51,MATCH(B26,Sheet1!$E$6:$E$51,0),2)="DNPH", INDEX(가스상항목시간,MATCH("VOCs",가스상항목,0),5), INDEX(가스상항목시간,MATCH(B26,가스상항목,0),5) )))))))))) | O26: =IF(B26="","",INDEX('대기측정 분석결과서'!$Z$23:$Z$74,MATCH(B26,항목,0))) | S26: =IF(B26="","",INDEX('대기측정 분석결과서'!$M$23:$M$74,MATCH(B26,항목,0)))
F27: =IF(B27="","","??") | H27: =IF(B27="","",INDEX('대기측정 분석결과서'!$AH$23:$AH$74,MATCH(B27,측정항목,0))) | I27: =IF(B27="","", IF(INDEX('대기측정 분석결과서'!$F$23:$I$74,MATCH(B27,항목,0),1)="","값없음", IF(ISERROR(FIXED(IF(INDEX('대기측정 분석결과서'!$F$23:$I$74,MATCH(B27,항목,0),1)<INDEX('대기측정 분석결과서'!$AG$23:$AG$74,MATCH(B27,항목,0)),"불검출", INDEX('대기측정 분석결과서'!$F$23:$I$74,MATCH(B27,항목,0),1)),INDEX('대기측정 분석결과서'!$AI$23:$AI$74,MATCH(B27,항목,0)))),"불검출", FIXED(INDEX('대기측정 분석결과서'!$F$23:$I$74,MATCH(B27,항목,0),1),INDEX('대기측정 분석결과서'!$AI$23:$AI$74,MATCH(B27,항목,0)))))) | L27: =IF(B27="","", IF(INDEX(Sheet1!$E$6:$F$51,MATCH(B27,Sheet1!$E$6:$E$51,0),2)="수은", '한종_시료채취기록지 '!$AG$20, IF(INDEX(Sheet1!$E$6:$F$51,MATCH(B27,Sheet1!$E$6:$E$51,0),2)="먼지", '한종_시료채취기록지 '!$Y$20, IF(INDEX(Sheet1!$E$6:$F$51,MATCH(B27,Sheet1!$E$6:$E$51,0),2)="THC", '한종_시료채취기록지 '!$AC$23, IF(INDEX(Sheet1!$E$6:$F$51,MATCH(B27,Sheet1!$E$6:$E$51,0),2)="매연", '한종_시료채취기록지 '!$AG$23, IF(INDEX(Sheet1!$E$6:$F$51,MATCH(B27,Sheet1!$E$6:$E$51,0),2)="옵티마", '한종_시료채취기록지 '!$Y$23, IF(INDEX(Sheet1!$E$6:$F$51,MATCH(B27,Sheet1!$E$6:$E$51,0),2)="중금속", '한종_시료채취기록지 '!$AC$20, IF(INDEX(Sheet1!$E$6:$F$51,MATCH(B27,Sheet1!$E$6:$E$51,0),2)="T", IFERROR( INDEX(가스상항목시간,MATCH("VOCs-T",가스상항목,0),5), INDEX(가스상항목시간,MATCH("VOCs-A",가스상항목,0),5) ), IF(INDEX(Sheet1!$E$6:$F$51,MATCH(B27,Sheet1!$E$6:$E$51,0),2)="A", INDEX(가스상항목시간,MATCH("VOCs-A",가스상항목,0),5), IF(INDEX(Sheet1!$E$6:$F$51,MATCH(B27,Sheet1!$E$6:$E$51,0),2)="DNPH", INDEX(가스상항목시간,MATCH("VOCs",가스상항목,0),5), INDEX(가스상항목시간,MATCH(B27,가스상항목,0),5) )))))))))) | O27: =IF(B27="","",INDEX('대기측정 분석결과서'!$Z$23:$Z$74,MATCH(B27,항목,0))) | S27: =IF(B27="","",INDEX('대기측정 분석결과서'!$M$23:$M$74,MATCH(B27,항목,0))) | W27: -이하여백-
F28: =IF(B28="","","??") | H28: =IF(B28="","",INDEX('대기측정 분석결과서'!$AH$23:$AH$74,MATCH(B28,측정항목,0))) | I28: =IF(B28="","", IF(INDEX('대기측정 분석결과서'!$F$23:$I$74,MATCH(B28,항목,0),1)="","값없음", IF(ISERROR(FIXED(IF(INDEX('대기측정 분석결과서'!$F$23:$I$74,MATCH(B28,항목,0),1)<INDEX('대기측정 분석결과서'!$AG$23:$AG$74,MATCH(B28,항목,0)),"불검출", INDEX('대기측정 분석결과서'!$F$23:$I$74,MATCH(B28,항목,0),1)),INDEX('대기측정 분석결과서'!$AI$23:$AI$74,MATCH(B28,항목,0)))),"불검출", FIXED(INDEX('대기측정 분석결과서'!$F$23:$I$74,MATCH(B28,항목,0),1),INDEX('대기측정 분석결과서'!$AI$23:$AI$74,MATCH(B28,항목,0)))))) | L28: =IF(B28="","", IF(INDEX(Sheet1!$E$6:$F$51,MATCH(B28,Sheet1!$E$6:$E$51,0),2)="수은", '한종_시료채취기록지 '!$AG$20, IF(INDEX(Sheet1!$E$6:$F$51,MATCH(B28,Sheet1!$E$6:$E$51,0),2)="먼지", '한종_시료채취기록지 '!$Y$20, IF(INDEX(Sheet1!$E$6:$F$51,MATCH(B28,Sheet1!$E$6:$E$51,0),2)="THC", '한종_시료채취기록지 '!$AC$23, IF(INDEX(Sheet1!$E$6:$F$51,MATCH(B28,Sheet1!$E$6:$E$51,0),2)="매연", '한종_시료채취기록지 '!$AG$23, IF(INDEX(Sheet1!$E$6:$F$51,MATCH(B28,Sheet1!$E$6:$E$51,0),2)="옵티마", '한종_시료채취기록지 '!$Y$23, IF(INDEX(Sheet1!$E$6:$F$51,MATCH(B28,Sheet1!$E$6:$E$51,0),2)="중금속", '한종_시료채취기록지 '!$AC$20, IF(INDEX(Sheet1!$E$6:$F$51,MATCH(B28,Sheet1!$E$6:$E$51,0),2)="T", IFERROR( INDEX(가스상항목시간,MATCH("VOCs-T",가스상항목,0),5), INDEX(가스상항목시간,MATCH("VOCs-A",가스상항목,0),5) ), IF(INDEX(Sheet1!$E$6:$F$51,MATCH(B28,Sheet1!$E$6:$E$51,0),2)="A", INDEX(가스상항목시간,MATCH("VOCs-A",가스상항목,0),5), IF(INDEX(Sheet1!$E$6:$F$51,MATCH(B28,Sheet1!$E$6:$E$51,0),2)="DNPH", INDEX(가스상항목시간,MATCH("VOCs",가스상항목,0),5), INDEX(가스상항목시간,MATCH(B28,가스상항목,0),5) )))))))))) | O28: =IF(B28="","",INDEX('대기측정 분석결과서'!$Z$23:$Z$74,MATCH(B28,항목,0))) | S28: =IF(B28="","",INDEX('대기측정 분석결과서'!$M$23:$M$74,MATCH(B28,항목,0)))
F29: =IF(B29="","","??") | H29: =IF(B29="","",INDEX('대기측정 분석결과서'!$AH$23:$AH$74,MATCH(B29,측정항목,0))) | I29: =IF(B29="","", IF(INDEX('대기측정 분석결과서'!$F$23:$I$74,MATCH(B29,항목,0),1)="","값없음", IF(ISERROR(FIXED(IF(INDEX('대기측정 분석결과서'!$F$23:$I$74,MATCH(B29,항목,0),1)<INDEX('대기측정 분석결과서'!$AG$23:$AG$74,MATCH(B29,항목,0)),"불검출", INDEX('대기측정 분석결과서'!$F$23:$I$74,MATCH(B29,항목,0),1)),INDEX('대기측정 분석결과서'!$AI$23:$AI$74,MATCH(B29,항목,0)))),"불검출", FIXED(INDEX('대기측정 분석결과서'!$F$23:$I$74,MATCH(B29,항목,0),1),INDEX('대기측정 분석결과서'!$AI$23:$AI$74,MATCH(B29,항목,0)))))) | L29: =IF(B29="","", IF(INDEX(Sheet1!$E$6:$F$51,MATCH(B29,Sheet1!$E$6:$E$51,0),2)="수은", '한종_시료채취기록지 '!$AG$20, IF(INDEX(Sheet1!$E$6:$F$51,MATCH(B29,Sheet1!$E$6:$E$51,0),2)="먼지", '한종_시료채취기록지 '!$Y$20, IF(INDEX(Sheet1!$E$6:$F$51,MATCH(B29,Sheet1!$E$6:$E$51,0),2)="THC", '한종_시료채취기록지 '!$AC$23, IF(INDEX(Sheet1!$E$6:$F$51,MATCH(B29,Sheet1!$E$6:$E$51,0),2)="매연", '한종_시료채취기록지 '!$AG$23, IF(INDEX(Sheet1!$E$6:$F$51,MATCH(B29,Sheet1!$E$6:$E$51,0),2)="옵티마", '한종_시료채취기록지 '!$Y$23, IF(INDEX(Sheet1!$E$6:$F$51,MATCH(B29,Sheet1!$E$6:$E$51,0),2)="중금속", '한종_시료채취기록지 '!$AC$20, IF(INDEX(Sheet1!$E$6:$F$51,MATCH(B29,Sheet1!$E$6:$E$51,0),2)="T", IFERROR( INDEX(가스상항목시간,MATCH("VOCs-T",가스상항목,0),5), INDEX(가스상항목시간,MATCH("VOCs-A",가스상항목,0),5) ), IF(INDEX(Sheet1!$E$6:$F$51,MATCH(B29,Sheet1!$E$6:$E$51,0),2)="A", INDEX(가스상항목시간,MATCH("VOCs-A",가스상항목,0),5), IF(INDEX(Sheet1!$E$6:$F$51,MATCH(B29,Sheet1!$E$6:$E$51,0),2)="DNPH", INDEX(가스상항목시간,MATCH("VOCs",가스상항목,0),5), INDEX(가스상항목시간,MATCH(B29,가스상항목,0),5) )))))))))) | O29: =IF(B29="","",INDEX('대기측정 분석결과서'!$Z$23:$Z$74,MATCH(B29,항목,0))) | S29: =IF(B29="","",INDEX('대기측정 분석결과서'!$M$23:$M$74,MATCH(B29,항목,0)))
F30: =IF(B30="","","??") | H30: =IF(B30="","",INDEX('대기측정 분석결과서'!$AH$23:$AH$74,MATCH(B30,측정항목,0))) | I30: =IF(B30="","", IF(INDEX('대기측정 분석결과서'!$F$23:$I$74,MATCH(B30,항목,0),1)="","값없음", IF(ISERROR(FIXED(IF(INDEX('대기측정 분석결과서'!$F$23:$I$74,MATCH(B30,항목,0),1)<INDEX('대기측정 분석결과서'!$AG$23:$AG$74,MATCH(B30,항목,0)),"불검출", INDEX('대기측정 분석결과서'!$F$23:$I$74,MATCH(B30,항목,0),1)),INDEX('대기측정 분석결과서'!$AI$23:$AI$74,MATCH(B30,항목,0)))),"불검출", FIXED(INDEX('대기측정 분석결과서'!$F$23:$I$74,MATCH(B30,항목,0),1),INDEX('대기측정 분석결과서'!$AI$23:$AI$74,MATCH(B30,항목,0)))))) | L30: =IF(B30="","", IF(INDEX(Sheet1!$E$6:$F$51,MATCH(B30,Sheet1!$E$6:$E$51,0),2)="수은", '한종_시료채취기록지 '!$AG$20, IF(INDEX(Sheet1!$E$6:$F$51,MATCH(B30,Sheet1!$E$6:$E$51,0),2)="먼지", '한종_시료채취기록지 '!$Y$20, IF(INDEX(Sheet1!$E$6:$F$51,MATCH(B30,Sheet1!$E$6:$E$51,0),2)="THC", '한종_시료채취기록지 '!$AC$23, IF(INDEX(Sheet1!$E$6:$F$51,MATCH(B30,Sheet1!$E$6:$E$51,0),2)="매연", '한종_시료채취기록지 '!$AG$23, IF(INDEX(Sheet1!$E$6:$F$51,MATCH(B30,Sheet1!$E$6:$E$51,0),2)="옵티마", '한종_시료채취기록지 '!$Y$23, IF(INDEX(Sheet1!$E$6:$F$51,MATCH(B30,Sheet1!$E$6:$E$51,0),2)="중금속", '한종_시료채취기록지 '!$AC$20, IF(INDEX(Sheet1!$E$6:$F$51,MATCH(B30,Sheet1!$E$6:$E$51,0),2)="T", IFERROR( INDEX(가스상항목시간,MATCH("VOCs-T",가스상항목,0),5), INDEX(가스상항목시간,MATCH("VOCs-A",가스상항목,0),5) ), IF(INDEX(Sheet1!$E$6:$F$51,MATCH(B30,Sheet1!$E$6:$E$51,0),2)="A", INDEX(가스상항목시간,MATCH("VOCs-A",가스상항목,0),5), IF(INDEX(Sheet1!$E$6:$F$51,MATCH(B30,Sheet1!$E$6:$E$51,0),2)="DNPH", INDEX(가스상항목시간,MATCH("VOCs",가스상항목,0),5), INDEX(가스상항목시간,MATCH(B30,가스상항목,0),5) )))))))))) | O30: =IF(B30="","",INDEX('대기측정 분석결과서'!$Z$23:$Z$74,MATCH(B30,항목,0))) | S30: =IF(B30="","",INDEX('대기측정 분석결과서'!$M$23:$M$74,MATCH(B30,항목,0)))
F31: =IF(B31="","","??") | H31: =IF(B31="","",INDEX('대기측정 분석결과서'!$AH$23:$AH$74,MATCH(B31,측정항목,0))) | I31: =IF(B31="","", IF(INDEX('대기측정 분석결과서'!$F$23:$I$74,MATCH(B31,항목,0),1)="","값없음", IF(ISERROR(FIXED(IF(INDEX('대기측정 분석결과서'!$F$23:$I$74,MATCH(B31,항목,0),1)<INDEX('대기측정 분석결과서'!$AG$23:$AG$74,MATCH(B31,항목,0)),"불검출", INDEX('대기측정 분석결과서'!$F$23:$I$74,MATCH(B31,항목,0),1)),INDEX('대기측정 분석결과서'!$AI$23:$AI$74,MATCH(B31,항목,0)))),"불검출", FIXED(INDEX('대기측정 분석결과서'!$F$23:$I$74,MATCH(B31,항목,0),1),INDEX('대기측정 분석결과서'!$AI$23:$AI$74,MATCH(B31,항목,0)))))) | L31: =IF(B31="","", IF(INDEX(Sheet1!$E$6:$F$51,MATCH(B31,Sheet1!$E$6:$E$51,0),2)="수은", '한종_시료채취기록지 '!$AG$20, IF(INDEX(Sheet1!$E$6:$F$51,MATCH(B31,Sheet1!$E$6:$E$51,0),2)="먼지", '한종_시료채취기록지 '!$Y$20, IF(INDEX(Sheet1!$E$6:$F$51,MATCH(B31,Sheet1!$E$6:$E$51,0),2)="THC", '한종_시료채취기록지 '!$AC$23, IF(INDEX(Sheet1!$E$6:$F$51,MATCH(B31,Sheet1!$E$6:$E$51,0),2)="매연", '한종_시료채취기록지 '!$AG$23, IF(INDEX(Sheet1!$E$6:$F$51,MATCH(B31,Sheet1!$E$6:$E$51,0),2)="옵티마", '한종_시료채취기록지 '!$Y$23, IF(INDEX(Sheet1!$E$6:$F$51,MATCH(B31,Sheet1!$E$6:$E$51,0),2)="중금속", '한종_시료채취기록지 '!$AC$20, IF(INDEX(Sheet1!$E$6:$F$51,MATCH(B31,Sheet1!$E$6:$E$51,0),2)="T", IFERROR( INDEX(가스상항목시간,MATCH("VOCs-T",가스상항목,0),5), INDEX(가스상항목시간,MATCH("VOCs-A",가스상항목,0),5) ), IF(INDEX(Sheet1!$E$6:$F$51,MATCH(B31,Sheet1!$E$6:$E$51,0),2)="A", INDEX(가스상항목시간,MATCH("VOCs-A",가스상항목,0),5), IF(INDEX(Sheet1!$E$6:$F$51,MATCH(B31,Sheet1!$E$6:$E$51,0),2)="DNPH", INDEX(가스상항목시간,MATCH("VOCs",가스상항목,0),5), INDEX(가스상항목시간,MATCH(B31,가스상항목,0),5) )))))))))) | O31: =IF(B31="","",INDEX('대기측정 분석결과서'!$Z$23:$Z$74,MATCH(B31,항목,0))) | S31: =IF(B31="","",INDEX('대기측정 분석결과서'!$M$23:$M$74,MATCH(B31,항목,0)))
F32: =IF(B32="","","??") | H32: =IF(B32="","",INDEX('대기측정 분석결과서'!$AH$23:$AH$74,MATCH(B32,측정항목,0))) | I32: =IF(B32="","", IF(INDEX('대기측정 분석결과서'!$F$23:$I$74,MATCH(B32,항목,0),1)="","값없음", IF(ISERROR(FIXED(IF(INDEX('대기측정 분석결과서'!$F$23:$I$74,MATCH(B32,항목,0),1)<INDEX('대기측정 분석결과서'!$AG$23:$AG$74,MATCH(B32,항목,0)),"불검출", INDEX('대기측정 분석결과서'!$F$23:$I$74,MATCH(B32,항목,0),1)),INDEX('대기측정 분석결과서'!$AI$23:$AI$74,MATCH(B32,항목,0)))),"불검출", FIXED(INDEX('대기측정 분석결과서'!$F$23:$I$74,MATCH(B32,항목,0),1),INDEX('대기측정 분석결과서'!$AI$23:$AI$74,MATCH(B32,항목,0)))))) | L32: =IF(B32="","", IF(INDEX(Sheet1!$E$6:$F$51,MATCH(B32,Sheet1!$E$6:$E$51,0),2)="수은", '한종_시료채취기록지 '!$AG$20, IF(INDEX(Sheet1!$E$6:$F$51,MATCH(B32,Sheet1!$E$6:$E$51,0),2)="먼지", '한종_시료채취기록지 '!$Y$20, IF(INDEX(Sheet1!$E$6:$F$51,MATCH(B32,Sheet1!$E$6:$E$51,0),2)="THC", '한종_시료채취기록지 '!$AC$23, IF(INDEX(Sheet1!$E$6:$F$51,MATCH(B32,Sheet1!$E$6:$E$51,0),2)="매연", '한종_시료채취기록지 '!$AG$23, IF(INDEX(Sheet1!$E$6:$F$51,MATCH(B32,Sheet1!$E$6:$E$51,0),2)="옵티마", '한종_시료채취기록지 '!$Y$23, IF(INDEX(Sheet1!$E$6:$F$51,MATCH(B32,Sheet1!$E$6:$E$51,0),2)="중금속", '한종_시료채취기록지 '!$AC$20, IF(INDEX(Sheet1!$E$6:$F$51,MATCH(B32,Sheet1!$E$6:$E$51,0),2)="T", IFERROR( INDEX(가스상항목시간,MATCH("VOCs-T",가스상항목,0),5), INDEX(가스상항목시간,MATCH("VOCs-A",가스상항목,0),5) ), IF(INDEX(Sheet1!$E$6:$F$51,MATCH(B32,Sheet1!$E$6:$E$51,0),2)="A", INDEX(가스상항목시간,MATCH("VOCs-A",가스상항목,0),5), IF(INDEX(Sheet1!$E$6:$F$51,MATCH(B32,Sheet1!$E$6:$E$51,0),2)="DNPH", INDEX(가스상항목시간,MATCH("VOCs",가스상항목,0),5), INDEX(가스상항목시간,MATCH(B32,가스상항목,0),5) )))))))))) | O32: =IF(B32="","",INDEX('대기측정 분석결과서'!$Z$23:$Z$74,MATCH(B32,항목,0))) | S32: =IF(B32="","",INDEX('대기측정 분석결과서'!$M$23:$M$74,MATCH(B32,항목,0)))
F33: =IF(B33="","","??") | H33: =IF(B33="","",INDEX('대기측정 분석결과서'!$AH$23:$AH$74,MATCH(B33,측정항목,0))) | I33: =IF(B33="","", IF(INDEX('대기측정 분석결과서'!$F$23:$I$74,MATCH(B33,항목,0),1)="","값없음", IF(ISERROR(FIXED(IF(INDEX('대기측정 분석결과서'!$F$23:$I$74,MATCH(B33,항목,0),1)<INDEX('대기측정 분석결과서'!$AG$23:$AG$74,MATCH(B33,항목,0)),"불검출", INDEX('대기측정 분석결과서'!$F$23:$I$74,MATCH(B33,항목,0),1)),INDEX('대기측정 분석결과서'!$AI$23:$AI$74,MATCH(B33,항목,0)))),"불검출", FIXED(INDEX('대기측정 분석결과서'!$F$23:$I$74,MATCH(B33,항목,0),1),INDEX('대기측정 분석결과서'!$AI$23:$AI$74,MATCH(B33,항목,0)))))) | L33: =IF(B33="","", IF(INDEX(Sheet1!$E$6:$F$51,MATCH(B33,Sheet1!$E$6:$E$51,0),2)="수은", '한종_시료채취기록지 '!$AG$20, IF(INDEX(Sheet1!$E$6:$F$51,MATCH(B33,Sheet1!$E$6:$E$51,0),2)="먼지", '한종_시료채취기록지 '!$Y$20, IF(INDEX(Sheet1!$E$6:$F$51,MATCH(B33,Sheet1!$E$6:$E$51,0),2)="THC", '한종_시료채취기록지 '!$AC$23, IF(INDEX(Sheet1!$E$6:$F$51,MATCH(B33,Sheet1!$E$6:$E$51,0),2)="매연", '한종_시료채취기록지 '!$AG$23, IF(INDEX(Sheet1!$E$6:$F$51,MATCH(B33,Sheet1!$E$6:$E$51,0),2)="옵티마", '한종_시료채취기록지 '!$Y$23, IF(INDEX(Sheet1!$E$6:$F$51,MATCH(B33,Sheet1!$E$6:$E$51,0),2)="중금속", '한종_시료채취기록지 '!$AC$20, IF(INDEX(Sheet1!$E$6:$F$51,MATCH(B33,Sheet1!$E$6:$E$51,0),2)="T", IFERROR( INDEX(가스상항목시간,MATCH("VOCs-T",가스상항목,0),5), INDEX(가스상항목시간,MATCH("VOCs-A",가스상항목,0),5) ), IF(INDEX(Sheet1!$E$6:$F$51,MATCH(B33,Sheet1!$E$6:$E$51,0),2)="A", INDEX(가스상항목시간,MATCH("VOCs-A",가스상항목,0),5), IF(INDEX(Sheet1!$E$6:$F$51,MATCH(B33,Sheet1!$E$6:$E$51,0),2)="DNPH", INDEX(가스상항목시간,MATCH("VOCs",가스상항목,0),5), INDEX(가스상항목시간,MATCH(B33,가스상항목,0),5) )))))))))) | O33: =IF(B33="","",INDEX('대기측정 분석결과서'!$Z$23:$Z$74,MATCH(B33,항목,0))) | S33: =IF(B33="","",INDEX('대기측정 분석결과서'!$M$23:$M$74,MATCH(B33,항목,0)))
F34: =IF(B34="","","??") | H34: =IF(B34="","",INDEX('대기측정 분석결과서'!$AH$23:$AH$74,MATCH(B34,측정항목,0))) | I34: =IF(B34="","", IF(INDEX('대기측정 분석결과서'!$F$23:$I$74,MATCH(B34,항목,0),1)="","값없음", IF(ISERROR(FIXED(IF(INDEX('대기측정 분석결과서'!$F$23:$I$74,MATCH(B34,항목,0),1)<INDEX('대기측정 분석결과서'!$AG$23:$AG$74,MATCH(B34,항목,0)),"불검출", INDEX('대기측정 분석결과서'!$F$23:$I$74,MATCH(B34,항목,0),1)),INDEX('대기측정 분석결과서'!$AI$23:$AI$74,MATCH(B34,항목,0)))),"불검출", FIXED(INDEX('대기측정 분석결과서'!$F$23:$I$74,MATCH(B34,항목,0),1),INDEX('대기측정 분석결과서'!$AI$23:$AI$74,MATCH(B34,항목,0)))))) | L34: =IF(B34="","", IF(INDEX(Sheet1!$E$6:$F$51,MATCH(B34,Sheet1!$E$6:$E$51,0),2)="수은", '한종_시료채취기록지 '!$AG$20, IF(INDEX(Sheet1!$E$6:$F$51,MATCH(B34,Sheet1!$E$6:$E$51,0),2)="먼지", '한종_시료채취기록지 '!$Y$20, IF(INDEX(Sheet1!$E$6:$F$51,MATCH(B34,Sheet1!$E$6:$E$51,0),2)="THC", '한종_시료채취기록지 '!$AC$23, IF(INDEX(Sheet1!$E$6:$F$51,MATCH(B34,Sheet1!$E$6:$E$51,0),2)="매연", '한종_시료채취기록지 '!$AG$23, IF(INDEX(Sheet1!$E$6:$F$51,MATCH(B34,Sheet1!$E$6:$E$51,0),2)="옵티마", '한종_시료채취기록지 '!$Y$23, IF(INDEX(Sheet1!$E$6:$F$51,MATCH(B34,Sheet1!$E$6:$E$51,0),2)="중금속", '한종_시료채취기록지 '!$AC$20, IF(INDEX(Sheet1!$E$6:$F$51,MATCH(B34,Sheet1!$E$6:$E$51,0),2)="T", IFERROR( INDEX(가스상항목시간,MATCH("VOCs-T",가스상항목,0),5), INDEX(가스상항목시간,MATCH("VOCs-A",가스상항목,0),5) ), IF(INDEX(Sheet1!$E$6:$F$51,MATCH(B34,Sheet1!$E$6:$E$51,0),2)="A", INDEX(가스상항목시간,MATCH("VOCs-A",가스상항목,0),5), IF(INDEX(Sheet1!$E$6:$F$51,MATCH(B34,Sheet1!$E$6:$E$51,0),2)="DNPH", INDEX(가스상항목시간,MATCH("VOCs",가스상항목,0),5), INDEX(가스상항목시간,MATCH(B34,가스상항목,0),5) )))))))))) | O34: =IF(B34="","",INDEX('대기측정 분석결과서'!$Z$23:$Z$74,MATCH(B34,항목,0))) | S34: =IF(B34="","",INDEX('대기측정 분석결과서'!$M$23:$M$74,MATCH(B34,항목,0)))
F35: =IF(B35="","","??") | H35: =IF(B35="","",INDEX('대기측정 분석결과서'!$AH$23:$AH$74,MATCH(B35,측정항목,0))) | I35: =IF(B35="","", IF(INDEX('대기측정 분석결과서'!$F$23:$I$74,MATCH(B35,항목,0),1)="","값없음", IF(ISERROR(FIXED(IF(INDEX('대기측정 분석결과서'!$F$23:$I$74,MATCH(B35,항목,0),1)<INDEX('대기측정 분석결과서'!$AG$23:$AG$74,MATCH(B35,항목,0)),"불검출", INDEX('대기측정 분석결과서'!$F$23:$I$74,MATCH(B35,항목,0),1)),INDEX('대기측정 분석결과서'!$AI$23:$AI$74,MATCH(B35,항목,0)))),"불검출", FIXED(INDEX('대기측정 분석결과서'!$F$23:$I$74,MATCH(B35,항목,0),1),INDEX('대기측정 분석결과서'!$AI$23:$AI$74,MATCH(B35,항목,0)))))) | L35: =IF(B35="","", IF(INDEX(Sheet1!$E$6:$F$51,MATCH(B35,Sheet1!$E$6:$E$51,0),2)="수은", '한종_시료채취기록지 '!$AG$20, IF(INDEX(Sheet1!$E$6:$F$51,MATCH(B35,Sheet1!$E$6:$E$51,0),2)="먼지", '한종_시료채취기록지 '!$Y$20, IF(INDEX(Sheet1!$E$6:$F$51,MATCH(B35,Sheet1!$E$6:$E$51,0),2)="THC", '한종_시료채취기록지 '!$AC$23, IF(INDEX(Sheet1!$E$6:$F$51,MATCH(B35,Sheet1!$E$6:$E$51,0),2)="매연", '한종_시료채취기록지 '!$AG$23, IF(INDEX(Sheet1!$E$6:$F$51,MATCH(B35,Sheet1!$E$6:$E$51,0),2)="옵티마", '한종_시료채취기록지 '!$Y$23, IF(INDEX(Sheet1!$E$6:$F$51,MATCH(B35,Sheet1!$E$6:$E$51,0),2)="중금속", '한종_시료채취기록지 '!$AC$20, IF(INDEX(Sheet1!$E$6:$F$51,MATCH(B35,Sheet1!$E$6:$E$51,0),2)="T", IFERROR( INDEX(가스상항목시간,MATCH("VOCs-T",가스상항목,0),5), INDEX(가스상항목시간,MATCH("VOCs-A",가스상항목,0),5) ), IF(INDEX(Sheet1!$E$6:$F$51,MATCH(B35,Sheet1!$E$6:$E$51,0),2)="A", INDEX(가스상항목시간,MATCH("VOCs-A",가스상항목,0),5), IF(INDEX(Sheet1!$E$6:$F$51,MATCH(B35,Sheet1!$E$6:$E$51,0),2)="DNPH", INDEX(가스상항목시간,MATCH("VOCs",가스상항목,0),5), INDEX(가스상항목시간,MATCH(B35,가스상항목,0),5) )))))))))) | O35: =IF(B35="","",INDEX('대기측정 분석결과서'!$Z$23:$Z$74,MATCH(B35,항목,0))) | S35: =IF(B35="","",INDEX('대기측정 분석결과서'!$M$23:$M$74,MATCH(B35,항목,0)))
F36: =IF(B36="","","??") | H36: =IF(B36="","",INDEX('대기측정 분석결과서'!$AH$23:$AH$74,MATCH(B36,측정항목,0))) | I36: =IF(B36="","", IF(INDEX('대기측정 분석결과서'!$F$23:$I$74,MATCH(B36,항목,0),1)="","값없음", IF(ISERROR(FIXED(IF(INDEX('대기측정 분석결과서'!$F$23:$I$74,MATCH(B36,항목,0),1)<INDEX('대기측정 분석결과서'!$AG$23:$AG$74,MATCH(B36,항목,0)),"불검출", INDEX('대기측정 분석결과서'!$F$23:$I$74,MATCH(B36,항목,0),1)),INDEX('대기측정 분석결과서'!$AI$23:$AI$74,MATCH(B36,항목,0)))),"불검출", FIXED(INDEX('대기측정 분석결과서'!$F$23:$I$74,MATCH(B36,항목,0),1),INDEX('대기측정 분석결과서'!$AI$23:$AI$74,MATCH(B36,항목,0)))))) | L36: =IF(B36="","", IF(INDEX(Sheet1!$E$6:$F$51,MATCH(B36,Sheet1!$E$6:$E$51,0),2)="수은", '한종_시료채취기록지 '!$AG$20, IF(INDEX(Sheet1!$E$6:$F$51,MATCH(B36,Sheet1!$E$6:$E$51,0),2)="먼지", '한종_시료채취기록지 '!$Y$20, IF(INDEX(Sheet1!$E$6:$F$51,MATCH(B36,Sheet1!$E$6:$E$51,0),2)="THC", '한종_시료채취기록지 '!$AC$23, IF(INDEX(Sheet1!$E$6:$F$51,MATCH(B36,Sheet1!$E$6:$E$51,0),2)="매연", '한종_시료채취기록지 '!$AG$23, IF(INDEX(Sheet1!$E$6:$F$51,MATCH(B36,Sheet1!$E$6:$E$51,0),2)="옵티마", '한종_시료채취기록지 '!$Y$23, IF(INDEX(Sheet1!$E$6:$F$51,MATCH(B36,Sheet1!$E$6:$E$51,0),2)="중금속", '한종_시료채취기록지 '!$AC$20, IF(INDEX(Sheet1!$E$6:$F$51,MATCH(B36,Sheet1!$E$6:$E$51,0),2)="T", IFERROR( INDEX(가스상항목시간,MATCH("VOCs-T",가스상항목,0),5), INDEX(가스상항목시간,MATCH("VOCs-A",가스상항목,0),5) ), IF(INDEX(Sheet1!$E$6:$F$51,MATCH(B36,Sheet1!$E$6:$E$51,0),2)="A", INDEX(가스상항목시간,MATCH("VOCs-A",가스상항목,0),5), IF(INDEX(Sheet1!$E$6:$F$51,MATCH(B36,Sheet1!$E$6:$E$51,0),2)="DNPH", INDEX(가스상항목시간,MATCH("VOCs",가스상항목,0),5), INDEX(가스상항목시간,MATCH(B36,가스상항목,0),5) )))))))))) | O36: =IF(B36="","",INDEX('대기측정 분석결과서'!$Z$23:$Z$74,MATCH(B36,항목,0))) | S36: =IF(B36="","",INDEX('대기측정 분석결과서'!$M$23:$M$74,MATCH(B36,항목,0)))
F37: =IF(B37="","","??") | H37: =IF(B37="","",INDEX('대기측정 분석결과서'!$AH$23:$AH$74,MATCH(B37,측정항목,0))) | I37: =IF(B37="","", IF(INDEX('대기측정 분석결과서'!$F$23:$I$74,MATCH(B37,항목,0),1)="","값없음", IF(ISERROR(FIXED(IF(INDEX('대기측정 분석결과서'!$F$23:$I$74,MATCH(B37,항목,0),1)<INDEX('대기측정 분석결과서'!$AG$23:$AG$74,MATCH(B37,항목,0)),"불검출", INDEX('대기측정 분석결과서'!$F$23:$I$74,MATCH(B37,항목,0),1)),INDEX('대기측정 분석결과서'!$AI$23:$AI$74,MATCH(B37,항목,0)))),"불검출", FIXED(INDEX('대기측정 분석결과서'!$F$23:$I$74,MATCH(B37,항목,0),1),INDEX('대기측정 분석결과서'!$AI$23:$AI$74,MATCH(B37,항목,0)))))) | L37: =IF(B37="","", IF(INDEX(Sheet1!$E$6:$F$51,MATCH(B37,Sheet1!$E$6:$E$51,0),2)="수은", '한종_시료채취기록지 '!$AG$20, IF(INDEX(Sheet1!$E$6:$F$51,MATCH(B37,Sheet1!$E$6:$E$51,0),2)="먼지", '한종_시료채취기록지 '!$Y$20, IF(INDEX(Sheet1!$E$6:$F$51,MATCH(B37,Sheet1!$E$6:$E$51,0),2)="THC", '한종_시료채취기록지 '!$AC$23, IF(INDEX(Sheet1!$E$6:$F$51,MATCH(B37,Sheet1!$E$6:$E$51,0),2)="매연", '한종_시료채취기록지 '!$AG$23, IF(INDEX(Sheet1!$E$6:$F$51,MATCH(B37,Sheet1!$E$6:$E$51,0),2)="옵티마", '한종_시료채취기록지 '!$Y$23, IF(INDEX(Sheet1!$E$6:$F$51,MATCH(B37,Sheet1!$E$6:$E$51,0),2)="중금속", '한종_시료채취기록지 '!$AC$20, IF(INDEX(Sheet1!$E$6:$F$51,MATCH(B37,Sheet1!$E$6:$E$51,0),2)="T", IFERROR( INDEX(가스상항목시간,MATCH("VOCs-T",가스상항목,0),5), INDEX(가스상항목시간,MATCH("VOCs-A",가스상항목,0),5) ), IF(INDEX(Sheet1!$E$6:$F$51,MATCH(B37,Sheet1!$E$6:$E$51,0),2)="A", INDEX(가스상항목시간,MATCH("VOCs-A",가스상항목,0),5), IF(INDEX(Sheet1!$E$6:$F$51,MATCH(B37,Sheet1!$E$6:$E$51,0),2)="DNPH", INDEX(가스상항목시간,MATCH("VOCs",가스상항목,0),5), INDEX(가스상항목시간,MATCH(B37,가스상항목,0),5) )))))))))) | O37: =IF(B37="","",INDEX('대기측정 분석결과서'!$Z$23:$Z$74,MATCH(B37,항목,0))) | S37: =IF(B37="","",INDEX('대기측정 분석결과서'!$M$23:$M$74,MATCH(B37,항목,0)))
F38: =IF(B38="","","??") | H38: =IF(B38="","",INDEX('대기측정 분석결과서'!$AH$23:$AH$74,MATCH(B38,측정항목,0))) | I38: =IF(B38="","", IF(INDEX('대기측정 분석결과서'!$F$23:$I$74,MATCH(B38,항목,0),1)="","값없음", IF(ISERROR(FIXED(IF(INDEX('대기측정 분석결과서'!$F$23:$I$74,MATCH(B38,항목,0),1)<INDEX('대기측정 분석결과서'!$AG$23:$AG$74,MATCH(B38,항목,0)),"불검출", INDEX('대기측정 분석결과서'!$F$23:$I$74,MATCH(B38,항목,0),1)),INDEX('대기측정 분석결과서'!$AI$23:$AI$74,MATCH(B38,항목,0)))),"불검출", FIXED(INDEX('대기측정 분석결과서'!$F$23:$I$74,MATCH(B38,항목,0),1),INDEX('대기측정 분석결과서'!$AI$23:$AI$74,MATCH(B38,항목,0)))))) | L38: =IF(B38="","", IF(INDEX(Sheet1!$E$6:$F$51,MATCH(B38,Sheet1!$E$6:$E$51,0),2)="수은", '한종_시료채취기록지 '!$AG$20, IF(INDEX(Sheet1!$E$6:$F$51,MATCH(B38,Sheet1!$E$6:$E$51,0),2)="먼지", '한종_시료채취기록지 '!$Y$20, IF(INDEX(Sheet1!$E$6:$F$51,MATCH(B38,Sheet1!$E$6:$E$51,0),2)="THC", '한종_시료채취기록지 '!$AC$23, IF(INDEX(Sheet1!$E$6:$F$51,MATCH(B38,Sheet1!$E$6:$E$51,0),2)="매연", '한종_시료채취기록지 '!$AG$23, IF(INDEX(Sheet1!$E$6:$F$51,MATCH(B38,Sheet1!$E$6:$E$51,0),2)="옵티마", '한종_시료채취기록지 '!$Y$23, IF(INDEX(Sheet1!$E$6:$F$51,MATCH(B38,Sheet1!$E$6:$E$51,0),2)="중금속", '한종_시료채취기록지 '!$AC$20, IF(INDEX(Sheet1!$E$6:$F$51,MATCH(B38,Sheet1!$E$6:$E$51,0),2)="T", IFERROR( INDEX(가스상항목시간,MATCH("VOCs-T",가스상항목,0),5), INDEX(가스상항목시간,MATCH("VOCs-A",가스상항목,0),5) ), IF(INDEX(Sheet1!$E$6:$F$51,MATCH(B38,Sheet1!$E$6:$E$51,0),2)="A", INDEX(가스상항목시간,MATCH("VOCs-A",가스상항목,0),5), IF(INDEX(Sheet1!$E$6:$F$51,MATCH(B38,Sheet1!$E$6:$E$51,0),2)="DNPH", INDEX(가스상항목시간,MATCH("VOCs",가스상항목,0),5), INDEX(가스상항목시간,MATCH(B38,가스상항목,0),5) )))))))))) | O38: =IF(B38="","",INDEX('대기측정 분석결과서'!$Z$23:$Z$74,MATCH(B38,항목,0))) | S38: =IF(B38="","",INDEX('대기측정 분석결과서'!$M$23:$M$74,MATCH(B38,항목,0)))
F39: =IF(B39="","","??") | H39: =IF(B39="","",INDEX('대기측정 분석결과서'!$AH$23:$AH$74,MATCH(B39,측정항목,0))) | I39: =IF(B39="","", IF(INDEX('대기측정 분석결과서'!$F$23:$I$74,MATCH(B39,항목,0),1)="","값없음", IF(ISERROR(FIXED(IF(INDEX('대기측정 분석결과서'!$F$23:$I$74,MATCH(B39,항목,0),1)<INDEX('대기측정 분석결과서'!$AG$23:$AG$74,MATCH(B39,항목,0)),"불검출", INDEX('대기측정 분석결과서'!$F$23:$I$74,MATCH(B39,항목,0),1)),INDEX('대기측정 분석결과서'!$AI$23:$AI$74,MATCH(B39,항목,0)))),"불검출", FIXED(INDEX('대기측정 분석결과서'!$F$23:$I$74,MATCH(B39,항목,0),1),INDEX('대기측정 분석결과서'!$AI$23:$AI$74,MATCH(B39,항목,0)))))) | L39: =IF(B39="","", IF(INDEX(Sheet1!$E$6:$F$51,MATCH(B39,Sheet1!$E$6:$E$51,0),2)="수은", '한종_시료채취기록지 '!$AG$20, IF(INDEX(Sheet1!$E$6:$F$51,MATCH(B39,Sheet1!$E$6:$E$51,0),2)="먼지", '한종_시료채취기록지 '!$Y$20, IF(INDEX(Sheet1!$E$6:$F$51,MATCH(B39,Sheet1!$E$6:$E$51,0),2)="THC", '한종_시료채취기록지 '!$AC$23, IF(INDEX(Sheet1!$E$6:$F$51,MATCH(B39,Sheet1!$E$6:$E$51,0),2)="매연", '한종_시료채취기록지 '!$AG$23, IF(INDEX(Sheet1!$E$6:$F$51,MATCH(B39,Sheet1!$E$6:$E$51,0),2)="옵티마", '한종_시료채취기록지 '!$Y$23, IF(INDEX(Sheet1!$E$6:$F$51,MATCH(B39,Sheet1!$E$6:$E$51,0),2)="중금속", '한종_시료채취기록지 '!$AC$20, IF(INDEX(Sheet1!$E$6:$F$51,MATCH(B39,Sheet1!$E$6:$E$51,0),2)="T", IFERROR( INDEX(가스상항목시간,MATCH("VOCs-T",가스상항목,0),5), INDEX(가스상항목시간,MATCH("VOCs-A",가스상항목,0),5) ), IF(INDEX(Sheet1!$E$6:$F$51,MATCH(B39,Sheet1!$E$6:$E$51,0),2)="A", INDEX(가스상항목시간,MATCH("VOCs-A",가스상항목,0),5), IF(INDEX(Sheet1!$E$6:$F$51,MATCH(B39,Sheet1!$E$6:$E$51,0),2)="DNPH", INDEX(가스상항목시간,MATCH("VOCs",가스상항목,0),5), INDEX(가스상항목시간,MATCH(B39,가스상항목,0),5) )))))))))) | O39: =IF(B39="","",INDEX('대기측정 분석결과서'!$Z$23:$Z$74,MATCH(B39,항목,0))) | S39: =IF(B39="","",INDEX('대기측정 분석결과서'!$M$23:$M$74,MATCH(B39,항목,0)))
F40: =IF(B40="","","??") | H40: =IF(B40="","",INDEX('대기측정 분석결과서'!$AH$23:$AH$74,MATCH(B40,측정항목,0))) | I40: =IF(B40="","", IF(INDEX('대기측정 분석결과서'!$F$23:$I$74,MATCH(B40,항목,0),1)="","값없음", IF(ISERROR(FIXED(IF(INDEX('대기측정 분석결과서'!$F$23:$I$74,MATCH(B40,항목,0),1)<INDEX('대기측정 분석결과서'!$AG$23:$AG$74,MATCH(B40,항목,0)),"불검출", INDEX('대기측정 분석결과서'!$F$23:$I$74,MATCH(B40,항목,0),1)),INDEX('대기측정 분석결과서'!$AI$23:$AI$74,MATCH(B40,항목,0)))),"불검출", FIXED(INDEX('대기측정 분석결과서'!$F$23:$I$74,MATCH(B40,항목,0),1),INDEX('대기측정 분석결과서'!$AI$23:$AI$74,MATCH(B40,항목,0)))))) | L40: =IF(B40="","", IF(INDEX(Sheet1!$E$6:$F$51,MATCH(B40,Sheet1!$E$6:$E$51,0),2)="수은", '한종_시료채취기록지 '!$AG$20, IF(INDEX(Sheet1!$E$6:$F$51,MATCH(B40,Sheet1!$E$6:$E$51,0),2)="먼지", '한종_시료채취기록지 '!$Y$20, IF(INDEX(Sheet1!$E$6:$F$51,MATCH(B40,Sheet1!$E$6:$E$51,0),2)="THC", '한종_시료채취기록지 '!$AC$23, IF(INDEX(Sheet1!$E$6:$F$51,MATCH(B40,Sheet1!$E$6:$E$51,0),2)="매연", '한종_시료채취기록지 '!$AG$23, IF(INDEX(Sheet1!$E$6:$F$51,MATCH(B40,Sheet1!$E$6:$E$51,0),2)="옵티마", '한종_시료채취기록지 '!$Y$23, IF(INDEX(Sheet1!$E$6:$F$51,MATCH(B40,Sheet1!$E$6:$E$51,0),2)="중금속", '한종_시료채취기록지 '!$AC$20, IF(INDEX(Sheet1!$E$6:$F$51,MATCH(B40,Sheet1!$E$6:$E$51,0),2)="T", IFERROR( INDEX(가스상항목시간,MATCH("VOCs-T",가스상항목,0),5), INDEX(가스상항목시간,MATCH("VOCs-A",가스상항목,0),5) ), IF(INDEX(Sheet1!$E$6:$F$51,MATCH(B40,Sheet1!$E$6:$E$51,0),2)="A", INDEX(가스상항목시간,MATCH("VOCs-A",가스상항목,0),5), IF(INDEX(Sheet1!$E$6:$F$51,MATCH(B40,Sheet1!$E$6:$E$51,0),2)="DNPH", INDEX(가스상항목시간,MATCH("VOCs",가스상항목,0),5), INDEX(가스상항목시간,MATCH(B40,가스상항목,0),5) )))))))))) | O40: =IF(B40="","",INDEX('대기측정 분석결과서'!$Z$23:$Z$74,MATCH(B40,항목,0))) | S40: =IF(B40="","",INDEX('대기측정 분석결과서'!$M$23:$M$74,MATCH(B40,항목,0)))
A42: [별지 제21호 서식] | T42: ="접수번호 : KGAR-"&RIGHT(YEAR('먼지측정 사전 Data'!N6),2)&"-"&'먼지측정 사전 Data'!O4 -> 접수번호 : KGAR-26-
A43: 대 기 측 정 기 록 부
A44: ⑥측정분석결과 | B44: 측 정 항 목 | F44: 허용 기준 | I44: 측정분석값 | L44: 측정시간 | O44: 측정분석방법 (기기명) | S44: 비고
F46: =IF(B46="","","??") | H46: =IF(B46="","",INDEX('대기측정 분석결과서'!$AH$23:$AH$74,MATCH(B46,측정항목,0))) | I46: =IF(B46="","", IF(INDEX('대기측정 분석결과서'!$F$23:$I$74,MATCH(B46,항목,0),1)="","값없음", IF(ISERROR(FIXED(IF(INDEX('대기측정 분석결과서'!$F$23:$I$74,MATCH(B46,항목,0),1)<INDEX('대기측정 분석결과서'!$AG$23:$AG$74,MATCH(B46,항목,0)),"불검출", INDEX('대기측정 분석결과서'!$F$23:$I$74,MATCH(B46,항목,0),1)),INDEX('대기측정 분석결과서'!$AI$23:$AI$74,MATCH(B46,항목,0)))),"불검출", FIXED(INDEX('대기측정 분석결과서'!$F$23:$I$74,MATCH(B46,항목,0),1),INDEX('대기측정 분석결과서'!$AI$23:$AI$74,MATCH(B46,항목,0)))))) | L46: =IF(B46="","", IF(INDEX(Sheet1!$E$6:$F$51,MATCH(B46,Sheet1!$E$6:$E$51,0),2)="수은", '한종_시료채취기록지 '!$AG$20, IF(INDEX(Sheet1!$E$6:$F$51,MATCH(B46,Sheet1!$E$6:$E$51,0),2)="먼지", '한종_시료채취기록지 '!$Y$20, IF(INDEX(Sheet1!$E$6:$F$51,MATCH(B46,Sheet1!$E$6:$E$51,0),2)="THC", '한종_시료채취기록지 '!$AC$23, IF(INDEX(Sheet1!$E$6:$F$51,MATCH(B46,Sheet1!$E$6:$E$51,0),2)="매연", '한종_시료채취기록지 '!$AG$23, IF(INDEX(Sheet1!$E$6:$F$51,MATCH(B46,Sheet1!$E$6:$E$51,0),2)="옵티마", '한종_시료채취기록지 '!$Y$23, IF(INDEX(Sheet1!$E$6:$F$51,MATCH(B46,Sheet1!$E$6:$E$51,0),2)="중금속", '한종_시료채취기록지 '!$AC$20, IF(INDEX(Sheet1!$E$6:$F$51,MATCH(B46,Sheet1!$E$6:$E$51,0),2)="T", IFERROR( INDEX(가스상항목시간,MATCH("VOCs-T",가스상항목,0),5), INDEX(가스상항목시간,MATCH("VOCs-A",가스상항목,0),5) ), IF(INDEX(Sheet1!$E$6:$F$51,MATCH(B46,Sheet1!$E$6:$E$51,0),2)="A", INDEX(가스상항목시간,MATCH("VOCs-A",가스상항목,0),5), IF(INDEX(Sheet1!$E$6:$F$51,MATCH(B46,Sheet1!$E$6:$E$51,0),2)="DNPH", INDEX(가스상항목시간,MATCH("VOCs",가스상항목,0),5), INDEX(가스상항목시간,MATCH(B46,가스상항목,0),5) )))))))))) | O46: =IF(B46="","",INDEX('대기측정 분석결과서'!$Z$23:$Z$74,MATCH(B46,항목,0))) | S46: =IF(B46="","",INDEX('대기측정 분석결과서'!$M$23:$M$74,MATCH(B46,항목,0)))
F47: =IF(B47="","","??") | H47: =IF(B47="","",INDEX('대기측정 분석결과서'!$AH$23:$AH$74,MATCH(B47,측정항목,0))) | I47: =IF(B47="","", IF(INDEX('대기측정 분석결과서'!$F$23:$I$74,MATCH(B47,항목,0),1)="","값없음", IF(ISERROR(FIXED(IF(INDEX('대기측정 분석결과서'!$F$23:$I$74,MATCH(B47,항목,0),1)<INDEX('대기측정 분석결과서'!$AG$23:$AG$74,MATCH(B47,항목,0)),"불검출", INDEX('대기측정 분석결과서'!$F$23:$I$74,MATCH(B47,항목,0),1)),INDEX('대기측정 분석결과서'!$AI$23:$AI$74,MATCH(B47,항목,0)))),"불검출", FIXED(INDEX('대기측정 분석결과서'!$F$23:$I$74,MATCH(B47,항목,0),1),INDEX('대기측정 분석결과서'!$AI$23:$AI$74,MATCH(B47,항목,0)))))) | L47: =IF(B47="","", IF(INDEX(Sheet1!$E$6:$F$51,MATCH(B47,Sheet1!$E$6:$E$51,0),2)="수은", '한종_시료채취기록지 '!$AG$20, IF(INDEX(Sheet1!$E$6:$F$51,MATCH(B47,Sheet1!$E$6:$E$51,0),2)="먼지", '한종_시료채취기록지 '!$Y$20, IF(INDEX(Sheet1!$E$6:$F$51,MATCH(B47,Sheet1!$E$6:$E$51,0),2)="THC", '한종_시료채취기록지 '!$AC$23, IF(INDEX(Sheet1!$E$6:$F$51,MATCH(B47,Sheet1!$E$6:$E$51,0),2)="매연", '한종_시료채취기록지 '!$AG$23, IF(INDEX(Sheet1!$E$6:$F$51,MATCH(B47,Sheet1!$E$6:$E$51,0),2)="옵티마", '한종_시료채취기록지 '!$Y$23, IF(INDEX(Sheet1!$E$6:$F$51,MATCH(B47,Sheet1!$E$6:$E$51,0),2)="중금속", '한종_시료채취기록지 '!$AC$20, IF(INDEX(Sheet1!$E$6:$F$51,MATCH(B47,Sheet1!$E$6:$E$51,0),2)="T", IFERROR( INDEX(가스상항목시간,MATCH("VOCs-T",가스상항목,0),5), INDEX(가스상항목시간,MATCH("VOCs-A",가스상항목,0),5) ), IF(INDEX(Sheet1!$E$6:$F$51,MATCH(B47,Sheet1!$E$6:$E$51,0),2)="A", INDEX(가스상항목시간,MATCH("VOCs-A",가스상항목,0),5), IF(INDEX(Sheet1!$E$6:$F$51,MATCH(B47,Sheet1!$E$6:$E$51,0),2)="DNPH", INDEX(가스상항목시간,MATCH("VOCs",가스상항목,0),5), INDEX(가스상항목시간,MATCH(B47,가스상항목,0),5) )))))))))) | O47: =IF(B47="","",INDEX('대기측정 분석결과서'!$Z$23:$Z$74,MATCH(B47,항목,0))) | S47: =IF(B47="","",INDEX('대기측정 분석결과서'!$M$23:$M$74,MATCH(B47,항목,0)))
F48: =IF(B48="","","??") | H48: =IF(B48="","",INDEX('대기측정 분석결과서'!$AH$23:$AH$74,MATCH(B48,측정항목,0))) | I48: =IF(B48="","", IF(INDEX('대기측정 분석결과서'!$F$23:$I$74,MATCH(B48,항목,0),1)="","값없음", IF(ISERROR(FIXED(IF(INDEX('대기측정 분석결과서'!$F$23:$I$74,MATCH(B48,항목,0),1)<INDEX('대기측정 분석결과서'!$AG$23:$AG$74,MATCH(B48,항목,0)),"불검출", INDEX('대기측정 분석결과서'!$F$23:$I$74,MATCH(B48,항목,0),1)),INDEX('대기측정 분석결과서'!$AI$23:$AI$74,MATCH(B48,항목,0)))),"불검출", FIXED(INDEX('대기측정 분석결과서'!$F$23:$I$74,MATCH(B48,항목,0),1),INDEX('대기측정 분석결과서'!$AI$23:$AI$74,MATCH(B48,항목,0)))))) | L48: =IF(B48="","", IF(INDEX(Sheet1!$E$6:$F$51,MATCH(B48,Sheet1!$E$6:$E$51,0),2)="수은", '한종_시료채취기록지 '!$AG$20, IF(INDEX(Sheet1!$E$6:$F$51,MATCH(B48,Sheet1!$E$6:$E$51,0),2)="먼지", '한종_시료채취기록지 '!$Y$20, IF(INDEX(Sheet1!$E$6:$F$51,MATCH(B48,Sheet1!$E$6:$E$51,0),2)="THC", '한종_시료채취기록지 '!$AC$23, IF(INDEX(Sheet1!$E$6:$F$51,MATCH(B48,Sheet1!$E$6:$E$51,0),2)="매연", '한종_시료채취기록지 '!$AG$23, IF(INDEX(Sheet1!$E$6:$F$51,MATCH(B48,Sheet1!$E$6:$E$51,0),2)="옵티마", '한종_시료채취기록지 '!$Y$23, IF(INDEX(Sheet1!$E$6:$F$51,MATCH(B48,Sheet1!$E$6:$E$51,0),2)="중금속", '한종_시료채취기록지 '!$AC$20, IF(INDEX(Sheet1!$E$6:$F$51,MATCH(B48,Sheet1!$E$6:$E$51,0),2)="T", IFERROR( INDEX(가스상항목시간,MATCH("VOCs-T",가스상항목,0),5), INDEX(가스상항목시간,MATCH("VOCs-A",가스상항목,0),5) ), IF(INDEX(Sheet1!$E$6:$F$51,MATCH(B48,Sheet1!$E$6:$E$51,0),2)="A", INDEX(가스상항목시간,MATCH("VOCs-A",가스상항목,0),5), IF(INDEX(Sheet1!$E$6:$F$51,MATCH(B48,Sheet1!$E$6:$E$51,0),2)="DNPH", INDEX(가스상항목시간,MATCH("VOCs",가스상항목,0),5), INDEX(가스상항목시간,MATCH(B48,가스상항목,0),5) )))))))))) | O48: =IF(B48="","",INDEX('대기측정 분석결과서'!$Z$23:$Z$74,MATCH(B48,항목,0))) | S48: =IF(B48="","",INDEX('대기측정 분석결과서'!$M$23:$M$74,MATCH(B48,항목,0)))
F49: =IF(B49="","","??") | H49: =IF(B49="","",INDEX('대기측정 분석결과서'!$AH$23:$AH$74,MATCH(B49,측정항목,0))) | I49: =IF(B49="","", IF(INDEX('대기측정 분석결과서'!$F$23:$I$74,MATCH(B49,항목,0),1)="","값없음", IF(ISERROR(FIXED(IF(INDEX('대기측정 분석결과서'!$F$23:$I$74,MATCH(B49,항목,0),1)<INDEX('대기측정 분석결과서'!$AG$23:$AG$74,MATCH(B49,항목,0)),"불검출", INDEX('대기측정 분석결과서'!$F$23:$I$74,MATCH(B49,항목,0),1)),INDEX('대기측정 분석결과서'!$AI$23:$AI$74,MATCH(B49,항목,0)))),"불검출", FIXED(INDEX('대기측정 분석결과서'!$F$23:$I$74,MATCH(B49,항목,0),1),INDEX('대기측정 분석결과서'!$AI$23:$AI$74,MATCH(B49,항목,0)))))) | L49: =IF(B49="","", IF(INDEX(Sheet1!$E$6:$F$51,MATCH(B49,Sheet1!$E$6:$E$51,0),2)="수은", '한종_시료채취기록지 '!$AG$20, IF(INDEX(Sheet1!$E$6:$F$51,MATCH(B49,Sheet1!$E$6:$E$51,0),2)="먼지", '한종_시료채취기록지 '!$Y$20, IF(INDEX(Sheet1!$E$6:$F$51,MATCH(B49,Sheet1!$E$6:$E$51,0),2)="THC", '한종_시료채취기록지 '!$AC$23, IF(INDEX(Sheet1!$E$6:$F$51,MATCH(B49,Sheet1!$E$6:$E$51,0),2)="매연", '한종_시료채취기록지 '!$AG$23, IF(INDEX(Sheet1!$E$6:$F$51,MATCH(B49,Sheet1!$E$6:$E$51,0),2)="옵티마", '한종_시료채취기록지 '!$Y$23, IF(INDEX(Sheet1!$E$6:$F$51,MATCH(B49,Sheet1!$E$6:$E$51,0),2)="중금속", '한종_시료채취기록지 '!$AC$20, IF(INDEX(Sheet1!$E$6:$F$51,MATCH(B49,Sheet1!$E$6:$E$51,0),2)="T", IFERROR( INDEX(가스상항목시간,MATCH("VOCs-T",가스상항목,0),5), INDEX(가스상항목시간,MATCH("VOCs-A",가스상항목,0),5) ), IF(INDEX(Sheet1!$E$6:$F$51,MATCH(B49,Sheet1!$E$6:$E$51,0),2)="A", INDEX(가스상항목시간,MATCH("VOCs-A",가스상항목,0),5), IF(INDEX(Sheet1!$E$6:$F$51,MATCH(B49,Sheet1!$E$6:$E$51,0),2)="DNPH", INDEX(가스상항목시간,MATCH("VOCs",가스상항목,0),5), INDEX(가스상항목시간,MATCH(B49,가스상항목,0),5) )))))))))) | O49: =IF(B49="","",INDEX('대기측정 분석결과서'!$Z$23:$Z$74,MATCH(B49,항목,0))) | S49: =IF(B49="","",INDEX('대기측정 분석결과서'!$M$23:$M$74,MATCH(B49,항목,0)))
F50: =IF(B50="","","??") | H50: =IF(B50="","",INDEX('대기측정 분석결과서'!$AH$23:$AH$74,MATCH(B50,측정항목,0))) | I50: =IF(B50="","", IF(INDEX('대기측정 분석결과서'!$F$23:$I$74,MATCH(B50,항목,0),1)="","값없음", IF(ISERROR(FIXED(IF(INDEX('대기측정 분석결과서'!$F$23:$I$74,MATCH(B50,항목,0),1)<INDEX('대기측정 분석결과서'!$AG$23:$AG$74,MATCH(B50,항목,0)),"불검출", INDEX('대기측정 분석결과서'!$F$23:$I$74,MATCH(B50,항목,0),1)),INDEX('대기측정 분석결과서'!$AI$23:$AI$74,MATCH(B50,항목,0)))),"불검출", FIXED(INDEX('대기측정 분석결과서'!$F$23:$I$74,MATCH(B50,항목,0),1),INDEX('대기측정 분석결과서'!$AI$23:$AI$74,MATCH(B50,항목,0)))))) | L50: =IF(B50="","", IF(INDEX(Sheet1!$E$6:$F$51,MATCH(B50,Sheet1!$E$6:$E$51,0),2)="수은", '한종_시료채취기록지 '!$AG$20, IF(INDEX(Sheet1!$E$6:$F$51,MATCH(B50,Sheet1!$E$6:$E$51,0),2)="먼지", '한종_시료채취기록지 '!$Y$20, IF(INDEX(Sheet1!$E$6:$F$51,MATCH(B50,Sheet1!$E$6:$E$51,0),2)="THC", '한종_시료채취기록지 '!$AC$23, IF(INDEX(Sheet1!$E$6:$F$51,MATCH(B50,Sheet1!$E$6:$E$51,0),2)="매연", '한종_시료채취기록지 '!$AG$23, IF(INDEX(Sheet1!$E$6:$F$51,MATCH(B50,Sheet1!$E$6:$E$51,0),2)="옵티마", '한종_시료채취기록지 '!$Y$23, IF(INDEX(Sheet1!$E$6:$F$51,MATCH(B50,Sheet1!$E$6:$E$51,0),2)="중금속", '한종_시료채취기록지 '!$AC$20, IF(INDEX(Sheet1!$E$6:$F$51,MATCH(B50,Sheet1!$E$6:$E$51,0),2)="T", IFERROR( INDEX(가스상항목시간,MATCH("VOCs-T",가스상항목,0),5), INDEX(가스상항목시간,MATCH("VOCs-A",가스상항목,0),5) ), IF(INDEX(Sheet1!$E$6:$F$51,MATCH(B50,Sheet1!$E$6:$E$51,0),2)="A", INDEX(가스상항목시간,MATCH("VOCs-A",가스상항목,0),5), IF(INDEX(Sheet1!$E$6:$F$51,MATCH(B50,Sheet1!$E$6:$E$51,0),2)="DNPH", INDEX(가스상항목시간,MATCH("VOCs",가스상항목,0),5), INDEX(가스상항목시간,MATCH(B50,가스상항목,0),5) )))))))))) | O50: =IF(B50="","",INDEX('대기측정 분석결과서'!$Z$23:$Z$74,MATCH(B50,항목,0))) | S50: =IF(B50="","",INDEX('대기측정 분석결과서'!$M$23:$M$74,MATCH(B50,항목,0)))
F51: =IF(B51="","","??") | H51: =IF(B51="","",INDEX('대기측정 분석결과서'!$AH$23:$AH$74,MATCH(B51,측정항목,0))) | I51: =IF(B51="","", IF(INDEX('대기측정 분석결과서'!$F$23:$I$74,MATCH(B51,항목,0),1)="","값없음", IF(ISERROR(FIXED(IF(INDEX('대기측정 분석결과서'!$F$23:$I$74,MATCH(B51,항목,0),1)<INDEX('대기측정 분석결과서'!$AG$23:$AG$74,MATCH(B51,항목,0)),"불검출", INDEX('대기측정 분석결과서'!$F$23:$I$74,MATCH(B51,항목,0),1)),INDEX('대기측정 분석결과서'!$AI$23:$AI$74,MATCH(B51,항목,0)))),"불검출", FIXED(INDEX('대기측정 분석결과서'!$F$23:$I$74,MATCH(B51,항목,0),1),INDEX('대기측정 분석결과서'!$AI$23:$AI$74,MATCH(B51,항목,0)))))) | L51: =IF(B51="","", IF(INDEX(Sheet1!$E$6:$F$51,MATCH(B51,Sheet1!$E$6:$E$51,0),2)="수은", '한종_시료채취기록지 '!$AG$20, IF(INDEX(Sheet1!$E$6:$F$51,MATCH(B51,Sheet1!$E$6:$E$51,0),2)="먼지", '한종_시료채취기록지 '!$Y$20, IF(INDEX(Sheet1!$E$6:$F$51,MATCH(B51,Sheet1!$E$6:$E$51,0),2)="THC", '한종_시료채취기록지 '!$AC$23, IF(INDEX(Sheet1!$E$6:$F$51,MATCH(B51,Sheet1!$E$6:$E$51,0),2)="매연", '한종_시료채취기록지 '!$AG$23, IF(INDEX(Sheet1!$E$6:$F$51,MATCH(B51,Sheet1!$E$6:$E$51,0),2)="옵티마", '한종_시료채취기록지 '!$Y$23, IF(INDEX(Sheet1!$E$6:$F$51,MATCH(B51,Sheet1!$E$6:$E$51,0),2)="중금속", '한종_시료채취기록지 '!$AC$20, IF(INDEX(Sheet1!$E$6:$F$51,MATCH(B51,Sheet1!$E$6:$E$51,0),2)="T", IFERROR( INDEX(가스상항목시간,MATCH("VOCs-T",가스상항목,0),5), INDEX(가스상항목시간,MATCH("VOCs-A",가스상항목,0),5) ), IF(INDEX(Sheet1!$E$6:$F$51,MATCH(B51,Sheet1!$E$6:$E$51,0),2)="A", INDEX(가스상항목시간,MATCH("VOCs-A",가스상항목,0),5), IF(INDEX(Sheet1!$E$6:$F$51,MATCH(B51,Sheet1!$E$6:$E$51,0),2)="DNPH", INDEX(가스상항목시간,MATCH("VOCs",가스상항목,0),5), INDEX(가스상항목시간,MATCH(B51,가스상항목,0),5) )))))))))) | O51: =IF(B51="","",INDEX('대기측정 분석결과서'!$Z$23:$Z$74,MATCH(B51,항목,0))) | S51: =IF(B51="","",INDEX('대기측정 분석결과서'!$M$23:$M$74,MATCH(B51,항목,0)))
F52: =IF(B52="","","??") | H52: =IF(B52="","",INDEX('대기측정 분석결과서'!$AH$23:$AH$74,MATCH(B52,측정항목,0))) | I52: =IF(B52="","", IF(INDEX('대기측정 분석결과서'!$F$23:$I$74,MATCH(B52,항목,0),1)="","값없음", IF(ISERROR(FIXED(IF(INDEX('대기측정 분석결과서'!$F$23:$I$74,MATCH(B52,항목,0),1)<INDEX('대기측정 분석결과서'!$AG$23:$AG$74,MATCH(B52,항목,0)),"불검출", INDEX('대기측정 분석결과서'!$F$23:$I$74,MATCH(B52,항목,0),1)),INDEX('대기측정 분석결과서'!$AI$23:$AI$74,MATCH(B52,항목,0)))),"불검출", FIXED(INDEX('대기측정 분석결과서'!$F$23:$I$74,MATCH(B52,항목,0),1),INDEX('대기측정 분석결과서'!$AI$23:$AI$74,MATCH(B52,항목,0)))))) | L52: =IF(B52="","", IF(INDEX(Sheet1!$E$6:$F$51,MATCH(B52,Sheet1!$E$6:$E$51,0),2)="수은", '한종_시료채취기록지 '!$AG$20, IF(INDEX(Sheet1!$E$6:$F$51,MATCH(B52,Sheet1!$E$6:$E$51,0),2)="먼지", '한종_시료채취기록지 '!$Y$20, IF(INDEX(Sheet1!$E$6:$F$51,MATCH(B52,Sheet1!$E$6:$E$51,0),2)="THC", '한종_시료채취기록지 '!$AC$23, IF(INDEX(Sheet1!$E$6:$F$51,MATCH(B52,Sheet1!$E$6:$E$51,0),2)="매연", '한종_시료채취기록지 '!$AG$23, IF(INDEX(Sheet1!$E$6:$F$51,MATCH(B52,Sheet1!$E$6:$E$51,0),2)="옵티마", '한종_시료채취기록지 '!$Y$23, IF(INDEX(Sheet1!$E$6:$F$51,MATCH(B52,Sheet1!$E$6:$E$51,0),2)="중금속", '한종_시료채취기록지 '!$AC$20, IF(INDEX(Sheet1!$E$6:$F$51,MATCH(B52,Sheet1!$E$6:$E$51,0),2)="T", IFERROR( INDEX(가스상항목시간,MATCH("VOCs-T",가스상항목,0),5), INDEX(가스상항목시간,MATCH("VOCs-A",가스상항목,0),5) ), IF(INDEX(Sheet1!$E$6:$F$51,MATCH(B52,Sheet1!$E$6:$E$51,0),2)="A", INDEX(가스상항목시간,MATCH("VOCs-A",가스상항목,0),5), IF(INDEX(Sheet1!$E$6:$F$51,MATCH(B52,Sheet1!$E$6:$E$51,0),2)="DNPH", INDEX(가스상항목시간,MATCH("VOCs",가스상항목,0),5), INDEX(가스상항목시간,MATCH(B52,가스상항목,0),5) )))))))))) | O52: =IF(B52="","",INDEX('대기측정 분석결과서'!$Z$23:$Z$74,MATCH(B52,항목,0))) | S52: =IF(B52="","",INDEX('대기측정 분석결과서'!$M$23:$M$74,MATCH(B52,항목,0)))
F53: =IF(B53="","","??") | H53: =IF(B53="","",INDEX('대기측정 분석결과서'!$AH$23:$AH$74,MATCH(B53,측정항목,0))) | I53: =IF(B53="","", IF(INDEX('대기측정 분석결과서'!$F$23:$I$74,MATCH(B53,항목,0),1)="","값없음", IF(ISERROR(FIXED(IF(INDEX('대기측정 분석결과서'!$F$23:$I$74,MATCH(B53,항목,0),1)<INDEX('대기측정 분석결과서'!$AG$23:$AG$74,MATCH(B53,항목,0)),"불검출", INDEX('대기측정 분석결과서'!$F$23:$I$74,MATCH(B53,항목,0),1)),INDEX('대기측정 분석결과서'!$AI$23:$AI$74,MATCH(B53,항목,0)))),"불검출", FIXED(INDEX('대기측정 분석결과서'!$F$23:$I$74,MATCH(B53,항목,0),1),INDEX('대기측정 분석결과서'!$AI$23:$AI$74,MATCH(B53,항목,0)))))) | L53: =IF(B53="","", IF(INDEX(Sheet1!$E$6:$F$51,MATCH(B53,Sheet1!$E$6:$E$51,0),2)="수은", '한종_시료채취기록지 '!$AG$20, IF(INDEX(Sheet1!$E$6:$F$51,MATCH(B53,Sheet1!$E$6:$E$51,0),2)="먼지", '한종_시료채취기록지 '!$Y$20, IF(INDEX(Sheet1!$E$6:$F$51,MATCH(B53,Sheet1!$E$6:$E$51,0),2)="THC", '한종_시료채취기록지 '!$AC$23, IF(INDEX(Sheet1!$E$6:$F$51,MATCH(B53,Sheet1!$E$6:$E$51,0),2)="매연", '한종_시료채취기록지 '!$AG$23, IF(INDEX(Sheet1!$E$6:$F$51,MATCH(B53,Sheet1!$E$6:$E$51,0),2)="옵티마", '한종_시료채취기록지 '!$Y$23, IF(INDEX(Sheet1!$E$6:$F$51,MATCH(B53,Sheet1!$E$6:$E$51,0),2)="중금속", '한종_시료채취기록지 '!$AC$20, IF(INDEX(Sheet1!$E$6:$F$51,MATCH(B53,Sheet1!$E$6:$E$51,0),2)="T", IFERROR( INDEX(가스상항목시간,MATCH("VOCs-T",가스상항목,0),5), INDEX(가스상항목시간,MATCH("VOCs-A",가스상항목,0),5) ), IF(INDEX(Sheet1!$E$6:$F$51,MATCH(B53,Sheet1!$E$6:$E$51,0),2)="A", INDEX(가스상항목시간,MATCH("VOCs-A",가스상항목,0),5), IF(INDEX(Sheet1!$E$6:$F$51,MATCH(B53,Sheet1!$E$6:$E$51,0),2)="DNPH", INDEX(가스상항목시간,MATCH("VOCs",가스상항목,0),5), INDEX(가스상항목시간,MATCH(B53,가스상항목,0),5) )))))))))) | O53: =IF(B53="","",INDEX('대기측정 분석결과서'!$Z$23:$Z$74,MATCH(B53,항목,0))) | S53: =IF(B53="","",INDEX('대기측정 분석결과서'!$M$23:$M$74,MATCH(B53,항목,0)))
F54: =IF(B54="","","??") | H54: =IF(B54="","",INDEX('대기측정 분석결과서'!$AH$23:$AH$74,MATCH(B54,측정항목,0))) | I54: =IF(B54="","", IF(INDEX('대기측정 분석결과서'!$F$23:$I$74,MATCH(B54,항목,0),1)="","값없음", IF(ISERROR(FIXED(IF(INDEX('대기측정 분석결과서'!$F$23:$I$74,MATCH(B54,항목,0),1)<INDEX('대기측정 분석결과서'!$AG$23:$AG$74,MATCH(B54,항목,0)),"불검출", INDEX('대기측정 분석결과서'!$F$23:$I$74,MATCH(B54,항목,0),1)),INDEX('대기측정 분석결과서'!$AI$23:$AI$74,MATCH(B54,항목,0)))),"불검출", FIXED(INDEX('대기측정 분석결과서'!$F$23:$I$74,MATCH(B54,항목,0),1),INDEX('대기측정 분석결과서'!$AI$23:$AI$74,MATCH(B54,항목,0)))))) | L54: =IF(B54="","", IF(INDEX(Sheet1!$E$6:$F$51,MATCH(B54,Sheet1!$E$6:$E$51,0),2)="수은", '한종_시료채취기록지 '!$AG$20, IF(INDEX(Sheet1!$E$6:$F$51,MATCH(B54,Sheet1!$E$6:$E$51,0),2)="먼지", '한종_시료채취기록지 '!$Y$20, IF(INDEX(Sheet1!$E$6:$F$51,MATCH(B54,Sheet1!$E$6:$E$51,0),2)="THC", '한종_시료채취기록지 '!$AC$23, IF(INDEX(Sheet1!$E$6:$F$51,MATCH(B54,Sheet1!$E$6:$E$51,0),2)="매연", '한종_시료채취기록지 '!$AG$23, IF(INDEX(Sheet1!$E$6:$F$51,MATCH(B54,Sheet1!$E$6:$E$51,0),2)="옵티마", '한종_시료채취기록지 '!$Y$23, IF(INDEX(Sheet1!$E$6:$F$51,MATCH(B54,Sheet1!$E$6:$E$51,0),2)="중금속", '한종_시료채취기록지 '!$AC$20, IF(INDEX(Sheet1!$E$6:$F$51,MATCH(B54,Sheet1!$E$6:$E$51,0),2)="T", IFERROR( INDEX(가스상항목시간,MATCH("VOCs-T",가스상항목,0),5), INDEX(가스상항목시간,MATCH("VOCs-A",가스상항목,0),5) ), IF(INDEX(Sheet1!$E$6:$F$51,MATCH(B54,Sheet1!$E$6:$E$51,0),2)="A", INDEX(가스상항목시간,MATCH("VOCs-A",가스상항목,0),5), IF(INDEX(Sheet1!$E$6:$F$51,MATCH(B54,Sheet1!$E$6:$E$51,0),2)="DNPH", INDEX(가스상항목시간,MATCH("VOCs",가스상항목,0),5), INDEX(가스상항목시간,MATCH(B54,가스상항목,0),5) )))))))))) | O54: =IF(B54="","",INDEX('대기측정 분석결과서'!$Z$23:$Z$74,MATCH(B54,항목,0))) | S54: =IF(B54="","",INDEX('대기측정 분석결과서'!$M$23:$M$74,MATCH(B54,항목,0)))
F55: =IF(B55="","","??") | H55: =IF(B55="","",INDEX('대기측정 분석결과서'!$AH$23:$AH$74,MATCH(B55,측정항목,0))) | I55: =IF(B55="","", IF(INDEX('대기측정 분석결과서'!$F$23:$I$74,MATCH(B55,항목,0),1)="","값없음", IF(ISERROR(FIXED(IF(INDEX('대기측정 분석결과서'!$F$23:$I$74,MATCH(B55,항목,0),1)<INDEX('대기측정 분석결과서'!$AG$23:$AG$74,MATCH(B55,항목,0)),"불검출", INDEX('대기측정 분석결과서'!$F$23:$I$74,MATCH(B55,항목,0),1)),INDEX('대기측정 분석결과서'!$AI$23:$AI$74,MATCH(B55,항목,0)))),"불검출", FIXED(INDEX('대기측정 분석결과서'!$F$23:$I$74,MATCH(B55,항목,0),1),INDEX('대기측정 분석결과서'!$AI$23:$AI$74,MATCH(B55,항목,0)))))) | L55: =IF(B55="","", IF(INDEX(Sheet1!$E$6:$F$51,MATCH(B55,Sheet1!$E$6:$E$51,0),2)="수은", '한종_시료채취기록지 '!$AG$20, IF(INDEX(Sheet1!$E$6:$F$51,MATCH(B55,Sheet1!$E$6:$E$51,0),2)="먼지", '한종_시료채취기록지 '!$Y$20, IF(INDEX(Sheet1!$E$6:$F$51,MATCH(B55,Sheet1!$E$6:$E$51,0),2)="THC", '한종_시료채취기록지 '!$AC$23, IF(INDEX(Sheet1!$E$6:$F$51,MATCH(B55,Sheet1!$E$6:$E$51,0),2)="매연", '한종_시료채취기록지 '!$AG$23, IF(INDEX(Sheet1!$E$6:$F$51,MATCH(B55,Sheet1!$E$6:$E$51,0),2)="옵티마", '한종_시료채취기록지 '!$Y$23, IF(INDEX(Sheet1!$E$6:$F$51,MATCH(B55,Sheet1!$E$6:$E$51,0),2)="중금속", '한종_시료채취기록지 '!$AC$20, IF(INDEX(Sheet1!$E$6:$F$51,MATCH(B55,Sheet1!$E$6:$E$51,0),2)="T", IFERROR( INDEX(가스상항목시간,MATCH("VOCs-T",가스상항목,0),5), INDEX(가스상항목시간,MATCH("VOCs-A",가스상항목,0),5) ), IF(INDEX(Sheet1!$E$6:$F$51,MATCH(B55,Sheet1!$E$6:$E$51,0),2)="A", INDEX(가스상항목시간,MATCH("VOCs-A",가스상항목,0),5), IF(INDEX(Sheet1!$E$6:$F$51,MATCH(B55,Sheet1!$E$6:$E$51,0),2)="DNPH", INDEX(가스상항목시간,MATCH("VOCs",가스상항목,0),5), INDEX(가스상항목시간,MATCH(B55,가스상항목,0),5) )))))))))) | O55: =IF(B55="","",INDEX('대기측정 분석결과서'!$Z$23:$Z$74,MATCH(B55,항목,0))) | S55: =IF(B55="","",INDEX('대기측정 분석결과서'!$M$23:$M$74,MATCH(B55,항목,0)))
F56: =IF(B56="","","??") | H56: =IF(B56="","",INDEX('대기측정 분석결과서'!$AH$23:$AH$74,MATCH(B56,측정항목,0))) | I56: =IF(B56="","", IF(INDEX('대기측정 분석결과서'!$F$23:$I$74,MATCH(B56,항목,0),1)="","값없음", IF(ISERROR(FIXED(IF(INDEX('대기측정 분석결과서'!$F$23:$I$74,MATCH(B56,항목,0),1)<INDEX('대기측정 분석결과서'!$AG$23:$AG$74,MATCH(B56,항목,0)),"불검출", INDEX('대기측정 분석결과서'!$F$23:$I$74,MATCH(B56,항목,0),1)),INDEX('대기측정 분석결과서'!$AI$23:$AI$74,MATCH(B56,항목,0)))),"불검출", FIXED(INDEX('대기측정 분석결과서'!$F$23:$I$74,MATCH(B56,항목,0),1),INDEX('대기측정 분석결과서'!$AI$23:$AI$74,MATCH(B56,항목,0)))))) | L56: =IF(B56="","", IF(INDEX(Sheet1!$E$6:$F$51,MATCH(B56,Sheet1!$E$6:$E$51,0),2)="수은", '한종_시료채취기록지 '!$AG$20, IF(INDEX(Sheet1!$E$6:$F$51,MATCH(B56,Sheet1!$E$6:$E$51,0),2)="먼지", '한종_시료채취기록지 '!$Y$20, IF(INDEX(Sheet1!$E$6:$F$51,MATCH(B56,Sheet1!$E$6:$E$51,0),2)="THC", '한종_시료채취기록지 '!$AC$23, IF(INDEX(Sheet1!$E$6:$F$51,MATCH(B56,Sheet1!$E$6:$E$51,0),2)="매연", '한종_시료채취기록지 '!$AG$23, IF(INDEX(Sheet1!$E$6:$F$51,MATCH(B56,Sheet1!$E$6:$E$51,0),2)="옵티마", '한종_시료채취기록지 '!$Y$23, IF(INDEX(Sheet1!$E$6:$F$51,MATCH(B56,Sheet1!$E$6:$E$51,0),2)="중금속", '한종_시료채취기록지 '!$AC$20, IF(INDEX(Sheet1!$E$6:$F$51,MATCH(B56,Sheet1!$E$6:$E$51,0),2)="T", IFERROR( INDEX(가스상항목시간,MATCH("VOCs-T",가스상항목,0),5), INDEX(가스상항목시간,MATCH("VOCs-A",가스상항목,0),5) ), IF(INDEX(Sheet1!$E$6:$F$51,MATCH(B56,Sheet1!$E$6:$E$51,0),2)="A", INDEX(가스상항목시간,MATCH("VOCs-A",가스상항목,0),5), IF(INDEX(Sheet1!$E$6:$F$51,MATCH(B56,Sheet1!$E$6:$E$51,0),2)="DNPH", INDEX(가스상항목시간,MATCH("VOCs",가스상항목,0),5), INDEX(가스상항목시간,MATCH(B56,가스상항목,0),5) )))))))))) | O56: =IF(B56="","",INDEX('대기측정 분석결과서'!$Z$23:$Z$74,MATCH(B56,항목,0))) | S56: =IF(B56="","",INDEX('대기측정 분석결과서'!$M$23:$M$74,MATCH(B56,항목,0)))
F57: =IF(B57="","","??") | H57: =IF(B57="","",INDEX('대기측정 분석결과서'!$AH$23:$AH$74,MATCH(B57,측정항목,0))) | I57: =IF(B57="","", IF(INDEX('대기측정 분석결과서'!$F$23:$I$74,MATCH(B57,항목,0),1)="","값없음", IF(ISERROR(FIXED(IF(INDEX('대기측정 분석결과서'!$F$23:$I$74,MATCH(B57,항목,0),1)<INDEX('대기측정 분석결과서'!$AG$23:$AG$74,MATCH(B57,항목,0)),"불검출", INDEX('대기측정 분석결과서'!$F$23:$I$74,MATCH(B57,항목,0),1)),INDEX('대기측정 분석결과서'!$AI$23:$AI$74,MATCH(B57,항목,0)))),"불검출", FIXED(INDEX('대기측정 분석결과서'!$F$23:$I$74,MATCH(B57,항목,0),1),INDEX('대기측정 분석결과서'!$AI$23:$AI$74,MATCH(B57,항목,0)))))) | L57: =IF(B57="","", IF(INDEX(Sheet1!$E$6:$F$51,MATCH(B57,Sheet1!$E$6:$E$51,0),2)="수은", '한종_시료채취기록지 '!$AG$20, IF(INDEX(Sheet1!$E$6:$F$51,MATCH(B57,Sheet1!$E$6:$E$51,0),2)="먼지", '한종_시료채취기록지 '!$Y$20, IF(INDEX(Sheet1!$E$6:$F$51,MATCH(B57,Sheet1!$E$6:$E$51,0),2)="THC", '한종_시료채취기록지 '!$AC$23, IF(INDEX(Sheet1!$E$6:$F$51,MATCH(B57,Sheet1!$E$6:$E$51,0),2)="매연", '한종_시료채취기록지 '!$AG$23, IF(INDEX(Sheet1!$E$6:$F$51,MATCH(B57,Sheet1!$E$6:$E$51,0),2)="옵티마", '한종_시료채취기록지 '!$Y$23, IF(INDEX(Sheet1!$E$6:$F$51,MATCH(B57,Sheet1!$E$6:$E$51,0),2)="중금속", '한종_시료채취기록지 '!$AC$20, IF(INDEX(Sheet1!$E$6:$F$51,MATCH(B57,Sheet1!$E$6:$E$51,0),2)="T", IFERROR( INDEX(가스상항목시간,MATCH("VOCs-T",가스상항목,0),5), INDEX(가스상항목시간,MATCH("VOCs-A",가스상항목,0),5) ), IF(INDEX(Sheet1!$E$6:$F$51,MATCH(B57,Sheet1!$E$6:$E$51,0),2)="A", INDEX(가스상항목시간,MATCH("VOCs-A",가스상항목,0),5), IF(INDEX(Sheet1!$E$6:$F$51,MATCH(B57,Sheet1!$E$6:$E$51,0),2)="DNPH", INDEX(가스상항목시간,MATCH("VOCs",가스상항목,0),5), INDEX(가스상항목시간,MATCH(B57,가스상항목,0),5) )))))))))) | O57: =IF(B57="","",INDEX('대기측정 분석결과서'!$Z$23:$Z$74,MATCH(B57,항목,0))) | S57: =IF(B57="","",INDEX('대기측정 분석결과서'!$M$23:$M$74,MATCH(B57,항목,0)))
... F70: =IF(B70="","","??") | H70: =IF(B70="","",INDEX('대기측정 분석결과서'!$AH$23:$AH$74,MATCH(B70,측정항목,0))) | I70: =IF(B70="","", IF(INDEX('대기측정 분석결과서'!$F$23:$I$74,MATCH(B70,항목,0),1)="","값없음", IF(ISERROR(FIXED(IF(INDEX('대기측정 분석결과서'!$F$23:$I$74,MATCH(B70,항목,0),1)<INDEX('대기측정 분석결과서'!$AG$23:$AG$74,MATCH(B70,항목,0)),"불검출", INDEX('대기측정 분석결과서'!$F$23:$I$74,MATCH(B70,항목,0),1)),INDEX('대기측정 분석결과서'!$AI$23:$AI$74,MATCH(B70,항목,0)))),"불검출", FIXED(INDEX('대기측정 분석결과서'!$F$23:$I$74,MATCH(B70,항목,0),1),INDEX('대기측정 분석결과서'!$AI$23:$AI$74,MATCH(B70,항목,0)))))) | L70: =IF(B70="","", IF(INDEX(Sheet1!$E$6:$F$51,MATCH(B70,Sheet1!$E$6:$E$51,0),2)="수은", '한종_시료채취기록지 '!$AG$20, IF(INDEX(Sheet1!$E$6:$F$51,MATCH(B70,Sheet1!$E$6:$E$51,0),2)="먼지", '한종_시료채취기록지 '!$Y$20, IF(INDEX(Sheet1!$E$6:$F$51,MATCH(B70,Sheet1!$E$6:$E$51,0),2)="THC", '한종_시료채취기록지 '!$AC$23, IF(INDEX(Sheet1!$E$6:$F$51,MATCH(B70,Sheet1!$E$6:$E$51,0),2)="매연", '한종_시료채취기록지 '!$AG$23, IF(INDEX(Sheet1!$E$6:$F$51,MATCH(B70,Sheet1!$E$6:$E$51,0),2)="옵티마", '한종_시료채취기록지 '!$Y$23, IF(INDEX(Sheet1!$E$6:$F$51,MATCH(B70,Sheet1!$E$6:$E$51,0),2)="중금속", '한종_시료채취기록지 '!$AC$20, IF(INDEX(Sheet1!$E$6:$F$51,MATCH(B70,Sheet1!$E$6:$E$51,0),2)="T", IFERROR( INDEX(가스상항목시간,MATCH("VOCs-T",가스상항목,0),5), INDEX(가스상항목시간,MATCH("VOCs-A",가스상항목,0),5) ), IF(INDEX(Sheet1!$E$6:$F$51,MATCH(B70,Sheet1!$E$6:$E$51,0),2)="A", INDEX(가스상항목시간,MATCH("VOCs-A",가스상항목,0),5), IF(INDEX(Sheet1!$E$6:$F$51,MATCH(B70,Sheet1!$E$6:$E$51,0),2)="DNPH", INDEX(가스상항목시간,MATCH("VOCs",가스상항목,0),5), INDEX(가스상항목시간,MATCH(B70,가스상항목,0),5) )))))))))) | O70: =IF(B70="","",INDEX('대기측정 분석결과서'!$Z$23:$Z$74,MATCH(B70,항목,0))) | S70: =IF(B70="","",INDEX('대기측정 분석결과서'!$M$23:$M$74,MATCH(B70,항목,0)))
B71: 분 석 기 간 | F71: ='먼지측정 사전 Data'!H5 -> 2026-02-06 ~ 1900-01-00 | M71: 분석기술인 | Q71: 책임기술인과 같음
M72: 책임기술인 | Q72: 이 나 영 | T72: (인)
A73: ⑦ 종 합 의 견 | H73: 배 출 허 용 기 준 에 | L73: 부적합 | Q73: .
A74: 위와 같이 측정분석결과를 사실대로 기록합니다.
K75: =YEAR('먼지측정 사전 Data'!R6) -> 2026 | M75: 년 | O75: =MONTH('먼지측정 사전 Data'!R6) -> 2 | P75: 월 | R75: =DAY('먼지측정 사전 Data'!R6) -> 13 | S75: 일 | Y75: 발행일
C76: 상 호 | H76: 한 국 종 합 환 경 산 업 ㈜
C77: 소재지 및 연락처 | H77: 부산광역시 강서구 대저중앙로394번가길 56(대저1동), 051-555-6511
C78: 대 표 자 성 명 | H78: 김항재 | S78: (서명 또는 인)
A79: ※ 본 성적서는 KS Q ISO/IEC 17025 및 KOLAS 인정과 관련이 없음.
A80: ※ 의뢰사항과 관련이 없는 난의 경우 “-”으로 기재됩니다.
A81: ※ 액체연료는 황함유량을 ( )안에 %단위로 표기하여 주시기 바랍니다.

Sheet 대기측정기록부(현대차)
A1: [별지 제21호 서식] | T1: ="접수번호 : KGAR-"&RIGHT(YEAR('먼지측정 사전 Data'!N6),2)&"-"&'먼지측정 사전 Data'!O4 -> 접수번호 : KGAR-26-
A2: 대 기 측 정 기 록 부
A3: ①의뢰인 | B3: 상 호 (기관명) | F3: ='대기측정 분석결과서'!E4 -> 0 | L3: ② 일 반 현 황 | M3: 업 종 | P3: ='대기측정 분석결과서'!L6 -> 0 | W3: 기술인력
B4: 소 재 지 (주 소) | F4: ='대기측정 분석결과서'!E5 -> 0 | M4: 시설 종류 | P4: =IF('대기측정 분석결과서'!E12="",B25,'대기측정 분석결과서'!E12) -> 건조시설 (전착) | W4: 맹호수 | Y4: 박민우 | AA4: 이동협 | AC4: 정우창 | AE4: 신민석 | AG4: 강민수 | AI4: 강원석 | AK4: 정종원 | AL4: 김흥록 | AM4: 송정현
B5: 대 표 자 (의뢰인) | F5: ='대기측정 분석결과서'!E6 -> 0 | M5: 사업장 종별 | P5: ='대기측정 분석결과서'!E10&" 종" -> 종
B6: 환 경 기 술 인 | F6: ='대기측정 분석결과서'!E7 -> 여 형 석
A7: ③의뢰내용 | B7: 측 정 용 도 | F7: ="자가 측정용" -> 자가 측정용 | W7: 품책 | Y7: 대기기책 | AC7: 현재분책
B8: 굴 뚝 | F8: 굴뚝 명칭 | M8: 높이 [m] | O8: 안지름(측정공) [m] | S8: 굴뚝 종별 [종] | W8: 진수일 | Y8: 이나영 | AC8: 이나영 | AG8: 김태우 | AI8: 백희석 | AK8: 김인현
F9: 2010(Stack_2151) | M9: ='한종_시료채취기록지 '!N3&" m" -> 0 m | O9: =IF(LEN('한종_시료채취기록지 '!F9)=1,'한종_시료채취기록지 '!F9&".000 m", IF(LEN('한종_시료채취기록지 '!F9)=3,'한종_시료채취기록지 '!F9&"00 m", IF(LEN('한종_시료채취기록지 '!F9)=4,'한종_시료채취기록지 '!F9&"0 m", '한종_시료채취기록지 '!F9&" m"))) -> 0.000 X 0.000 m | S9: ='대기측정 분석결과서'!E11&" 종" -> 종
B10: 의 뢰 항 목 | F10: ='대기측정 분석결과서'!U11 -> THC (총 1 항목)
A11: ④시료채취 | B11: 현 장 기 상 | F11: 날씨 | H11: 기온 [℃] | J11: 습도 [%] | M11: 기압 [mmHg] | P11: 풍향 [풍] | S11: 풍속 [m/s] | W11: *분석기술인 -> 기술책임자
F12: ='대기측정 분석결과서'!E17 -> 0 | H12: ='대기측정 분석결과서'!I17 -> 0 | J12: ='대기측정 분석결과서'!M17 -> 0 | M12: ='대기측정 분석결과서'!Q17 -> 0 | P12: ='대기측정 분석결과서'!V17 -> 0 | S12: ='대기측정 분석결과서'!AA17 -> 0
B13: 배 출 가 스 | F13: 표준산소농도 | I13: 실측산소농도 | M13: 배출가스유량(산소보정 전) | R13: 배출가스유량(산소보정 후)
F14: =IF('먼지측정 사전 Data'!R13=20.9,"-",'먼지측정 사전 Data'!R13&" %") -> - | I14: ='먼지측정 사전 Data'!H14&" %" -> 0 % | M14: ='시험일지(계산일지-2)'!R11&" S㎥/분" -> #DIV/0! | R14: ='시험일지(계산일지-2)'!Q21&" S㎥/분" -> #DIV/0!
F15: 수분량 | I15: 배출가스온도 | M15: 배출가스 유속 | R15: 기타
F16: ='먼지측정 사전 Data'!H59&" %" -> #DIV/0! | I16: ='먼지측정 사전 Data'!R69&" ℃" -> #DIV/0! | M16: ='먼지측정 사전 Data'!R82&" m/s" -> #DIV/0! | R16: -
B17: 방 지 시 설 | F17: 명 칭 | M17: 대 상 물 질 | R17: 방 지 효 율
F18: ='대기측정 분석결과서'!E13&IF('대기측정 분석결과서'!L10="",""," ("&'대기측정 분석결과서'!L10&")") | M18: 전체 | R18: 98 | T18: %
F19: - | M19: - | R19: - | T19: %
F20: - | M20: - | R20: - | T20: %
B21: 채 취 일 시 | F21: 채취일 | H21: ='먼지측정 사전 Data'!N5 -> 0 | M21: 시료채취자 | Q21: ='대기측정 분석결과서'!U7&" (서명)" -> 0 (서명)
F22: 채취시간 | H22: ='먼지측정 사전 Data'!H6&" : "&IF('먼지측정 사전 Data'!I6<10,"0"&'먼지측정 사전 Data'!I6,'먼지측정 사전 Data'!I6)&" ~ "&'먼지측정 사전 Data'!K6&" : "&IF('먼지측정 사전 Data'!L6<10,"0"&'먼지측정 사전 Data'!L6,'먼지측정 사전 Data'!L6) -> : 0 ~ : 0 | Q22: ='대기측정 분석결과서'!X7&" (서명)" -> 0 (서명)
A23: ⑤ 시 설 가 동 상 황 | B23: 배출시설 명칭 | F23: 측정당시 시간당 사용(생산)량 | R23: 방지시설 명칭
F24: 연료사용량 | H24: 제품생산량 | J24: 소각량 | L24: 원료투입량 | N24: 종류 | P24: 단위
B25: =IF('현대차 시설명칭'!B10="","-",RIGHT('현대차 시설명칭'!B10, LEN('현대차 시설명칭'!B10)-2)) -> 건조시설 (전착) | F25: =IF('현대차 시설명칭'!D10="","-",'현대차 시설명칭'!D10) -> 132.0 N㎥/시 | H25: =IF('현대차 시설명칭'!G10="","-",'현대차 시설명칭'!G10) -> - | J25: - | L25: =IF('현대차 시설명칭'!J10="","-",IF(LEN('현대차 시설명칭'!J10)>1,LEFT('현대차 시설명칭'!J10, FIND(" ", '현대차 시설명칭'!J10)-1),"")) -> 112.28 | N25: =IF('현대차 시설명칭'!K10="","-",'현대차 시설명칭'!K10) -> 전착 도료 및 신너 | P25: =IF('현대차 시설명칭'!J10="","-",RIGHT('현대차 시설명칭'!J10, LEN('현대차 시설명칭'!J10)-FIND(" ", '현대차 시설명칭'!J10))) -> kg | R25: =F18 & IF(F19<> "-", IF(F19<>"", ", " & F19, ""), "") & IF(F20<> "-", IF(F20<>"", ", " & F20, ""), "")
B26: =IF('현대차 시설명칭'!B11="","-",RIGHT('현대차 시설명칭'!B11, LEN('현대차 시설명칭'!B11)-2)) -> 건조시설 (상도) | F26: =IF('현대차 시설명칭'!D11="","-",'현대차 시설명칭'!D11) -> 174.0 N㎥/시 | H26: =IF('현대차 시설명칭'!G11="","-",'현대차 시설명칭'!G11) -> - | J26: - | L26: =IF('현대차 시설명칭'!J11="","-",IF(LEN('현대차 시설명칭'!J11)>1,LEFT('현대차 시설명칭'!J11, FIND(" ", '현대차 시설명칭'!J11)-1),"")) -> 56.75 | N26: =IF('현대차 시설명칭'!K11="","-",'현대차 시설명칭'!K11) -> 도료 및 신너 | P26: =IF('현대차 시설명칭'!J11="","-",RIGHT('현대차 시설명칭'!J11, LEN('현대차 시설명칭'!J11)-FIND(" ", '현대차 시설명칭'!J11))) -> kg
B27: =IF('현대차 시설명칭'!B12="","-",RIGHT('현대차 시설명칭'!B12, LEN('현대차 시설명칭'!B12)-2)) -> - | F27: =IF('현대차 시설명칭'!D12="","-",'현대차 시설명칭'!D12) -> - | H27: =IF('현대차 시설명칭'!G12="","-",'현대차 시설명칭'!G12) -> - | J27: - | L27: =IF('현대차 시설명칭'!J12="","-",IF(LEN('현대차 시설명칭'!J12)>1,LEFT('현대차 시설명칭'!J12, FIND(" ", '현대차 시설명칭'!J12)-1),"")) -> - | N27: =IF('현대차 시설명칭'!K12="","-",'현대차 시설명칭'!K12) -> - | P27: =IF('현대차 시설명칭'!J12="","-",RIGHT('현대차 시설명칭'!J12, LEN('현대차 시설명칭'!J12)-FIND(" ", '현대차 시설명칭'!J12))) -> -
B28: =IF('현대차 시설명칭'!B13="","-",RIGHT('현대차 시설명칭'!B13, LEN('현대차 시설명칭'!B13)-2)) -> - | F28: =IF('현대차 시설명칭'!D13="","-",'현대차 시설명칭'!D13) -> - | H28: =IF('현대차 시설명칭'!G13="","-",'현대차 시설명칭'!G13) -> - | J28: - | L28: =IF('현대차 시설명칭'!J13="","-",IF(LEN('현대차 시설명칭'!J13)>1,LEFT('현대차 시설명칭'!J13, FIND(" ", '현대차 시설명칭'!J13)-1),"")) -> - | N28: =IF('현대차 시설명칭'!K13="","-",'현대차 시설명칭'!K13) -> - | P28: =IF('현대차 시설명칭'!J13="","-",RIGHT('현대차 시설명칭'!J13, LEN('현대차 시설명칭'!J13)-FIND(" ", '현대차 시설명칭'!J13))) -> -
A29: ⑥측정분석결과 | B29: 측 정 항 목 | F29: 허용 기준 | I29: 측정분석값 | L29: 측정시간 | O29: 측정분석방법 (기기명) | S29: 비고
H31: =IF(B31="","",INDEX('대기측정 분석결과서'!$AH$23:$AH$74,MATCH(B31,측정항목,0))) | I31: =IF(B31="","", IF(INDEX('대기측정 분석결과서'!$F$23:$I$74,MATCH(B31,항목,0),1)="","값없음", IF(ISERROR(FIXED(IF(INDEX('대기측정 분석결과서'!$F$23:$I$74,MATCH(B31,항목,0),1)<INDEX('대기측정 분석결과서'!$AG$23:$AG$74,MATCH(B31,항목,0)),"불검출", INDEX('대기측정 분석결과서'!$F$23:$I$74,MATCH(B31,항목,0),1)),INDEX('대기측정 분석결과서'!$AI$23:$AI$74,MATCH(B31,항목,0)))),"불검출", FIXED(INDEX('대기측정 분석결과서'!$F$23:$I$74,MATCH(B31,항목,0),1),INDEX('대기측정 분석결과서'!$AI$23:$AI$74,MATCH(B31,항목,0)))))) | L31: =IF(B31="","", IF(INDEX(Sheet1!$E$6:$F$51,MATCH(B31,Sheet1!$E$6:$E$51,0),2)="수은", '한종_시료채취기록지 '!$AG$20, IF(INDEX(Sheet1!$E$6:$F$51,MATCH(B31,Sheet1!$E$6:$E$51,0),2)="먼지", '한종_시료채취기록지 '!$Y$20, IF(INDEX(Sheet1!$E$6:$F$51,MATCH(B31,Sheet1!$E$6:$E$51,0),2)="THC", '한종_시료채취기록지 '!$AC$23, IF(INDEX(Sheet1!$E$6:$F$51,MATCH(B31,Sheet1!$E$6:$E$51,0),2)="매연", '한종_시료채취기록지 '!$AG$23, IF(INDEX(Sheet1!$E$6:$F$51,MATCH(B31,Sheet1!$E$6:$E$51,0),2)="옵티마", '한종_시료채취기록지 '!$Y$23, IF(INDEX(Sheet1!$E$6:$F$51,MATCH(B31,Sheet1!$E$6:$E$51,0),2)="중금속", '한종_시료채취기록지 '!$AC$20, IF(INDEX(Sheet1!$E$6:$F$51,MATCH(B31,Sheet1!$E$6:$E$51,0),2)="T", IFERROR( INDEX(가스상항목시간,MATCH("VOCs-T",가스상항목,0),5), INDEX(가스상항목시간,MATCH("VOCs-A",가스상항목,0),5) ), IF(INDEX(Sheet1!$E$6:$F$51,MATCH(B31,Sheet1!$E$6:$E$51,0),2)="A", INDEX(가스상항목시간,MATCH("VOCs-A",가스상항목,0),5), IF(INDEX(Sheet1!$E$6:$F$51,MATCH(B31,Sheet1!$E$6:$E$51,0),2)="DNPH", INDEX(가스상항목시간,MATCH("VOCs",가스상항목,0),5), INDEX(가스상항목시간,MATCH(B31,가스상항목,0),5) )))))))))) | O31: =IF(B31="","",INDEX('대기측정 분석결과서'!$Z$23:$Z$74,MATCH(B31,항목,0))) | S31: =IF(B31="","",INDEX('대기측정 분석결과서'!$M$23:$M$74,MATCH(B31,항목,0))) | V31: -이하여백-
H32: =IF(B32="","",INDEX('대기측정 분석결과서'!$AH$23:$AH$74,MATCH(B32,측정항목,0))) | I32: =IF(B32="","", IF(INDEX('대기측정 분석결과서'!$F$23:$I$74,MATCH(B32,항목,0),1)="","값없음", IF(ISERROR(FIXED(IF(INDEX('대기측정 분석결과서'!$F$23:$I$74,MATCH(B32,항목,0),1)<INDEX('대기측정 분석결과서'!$AG$23:$AG$74,MATCH(B32,항목,0)),"불검출", INDEX('대기측정 분석결과서'!$F$23:$I$74,MATCH(B32,항목,0),1)),INDEX('대기측정 분석결과서'!$AI$23:$AI$74,MATCH(B32,항목,0)))),"불검출", FIXED(INDEX('대기측정 분석결과서'!$F$23:$I$74,MATCH(B32,항목,0),1),INDEX('대기측정 분석결과서'!$AI$23:$AI$74,MATCH(B32,항목,0)))))) | L32: =IF(B32="","", IF(INDEX(Sheet1!$E$6:$F$51,MATCH(B32,Sheet1!$E$6:$E$51,0),2)="수은", '한종_시료채취기록지 '!$AG$20, IF(INDEX(Sheet1!$E$6:$F$51,MATCH(B32,Sheet1!$E$6:$E$51,0),2)="먼지", '한종_시료채취기록지 '!$Y$20, IF(INDEX(Sheet1!$E$6:$F$51,MATCH(B32,Sheet1!$E$6:$E$51,0),2)="THC", '한종_시료채취기록지 '!$AC$23, IF(INDEX(Sheet1!$E$6:$F$51,MATCH(B32,Sheet1!$E$6:$E$51,0),2)="매연", '한종_시료채취기록지 '!$AG$23, IF(INDEX(Sheet1!$E$6:$F$51,MATCH(B32,Sheet1!$E$6:$E$51,0),2)="옵티마", '한종_시료채취기록지 '!$Y$23, IF(INDEX(Sheet1!$E$6:$F$51,MATCH(B32,Sheet1!$E$6:$E$51,0),2)="중금속", '한종_시료채취기록지 '!$AC$20, IF(INDEX(Sheet1!$E$6:$F$51,MATCH(B32,Sheet1!$E$6:$E$51,0),2)="T", IFERROR( INDEX(가스상항목시간,MATCH("VOCs-T",가스상항목,0),5), INDEX(가스상항목시간,MATCH("VOCs-A",가스상항목,0),5) ), IF(INDEX(Sheet1!$E$6:$F$51,MATCH(B32,Sheet1!$E$6:$E$51,0),2)="A", INDEX(가스상항목시간,MATCH("VOCs-A",가스상항목,0),5), IF(INDEX(Sheet1!$E$6:$F$51,MATCH(B32,Sheet1!$E$6:$E$51,0),2)="DNPH", INDEX(가스상항목시간,MATCH("VOCs",가스상항목,0),5), INDEX(가스상항목시간,MATCH(B32,가스상항목,0),5) )))))))))) | O32: =IF(B32="","",INDEX('대기측정 분석결과서'!$Z$23:$Z$74,MATCH(B32,항목,0))) | S32: =IF(B32="","",INDEX('대기측정 분석결과서'!$M$23:$M$74,MATCH(B32,항목,0)))
H33: =IF(B33="","",INDEX('대기측정 분석결과서'!$AH$23:$AH$74,MATCH(B33,측정항목,0))) | I33: =IF(B33="","", IF(INDEX('대기측정 분석결과서'!$F$23:$I$74,MATCH(B33,항목,0),1)="","값없음", IF(ISERROR(FIXED(IF(INDEX('대기측정 분석결과서'!$F$23:$I$74,MATCH(B33,항목,0),1)<INDEX('대기측정 분석결과서'!$AG$23:$AG$74,MATCH(B33,항목,0)),"불검출", INDEX('대기측정 분석결과서'!$F$23:$I$74,MATCH(B33,항목,0),1)),INDEX('대기측정 분석결과서'!$AI$23:$AI$74,MATCH(B33,항목,0)))),"불검출", FIXED(INDEX('대기측정 분석결과서'!$F$23:$I$74,MATCH(B33,항목,0),1),INDEX('대기측정 분석결과서'!$AI$23:$AI$74,MATCH(B33,항목,0)))))) | L33: =IF(B33="","", IF(INDEX(Sheet1!$E$6:$F$51,MATCH(B33,Sheet1!$E$6:$E$51,0),2)="수은", '한종_시료채취기록지 '!$AG$20, IF(INDEX(Sheet1!$E$6:$F$51,MATCH(B33,Sheet1!$E$6:$E$51,0),2)="먼지", '한종_시료채취기록지 '!$Y$20, IF(INDEX(Sheet1!$E$6:$F$51,MATCH(B33,Sheet1!$E$6:$E$51,0),2)="THC", '한종_시료채취기록지 '!$AC$23, IF(INDEX(Sheet1!$E$6:$F$51,MATCH(B33,Sheet1!$E$6:$E$51,0),2)="매연", '한종_시료채취기록지 '!$AG$23, IF(INDEX(Sheet1!$E$6:$F$51,MATCH(B33,Sheet1!$E$6:$E$51,0),2)="옵티마", '한종_시료채취기록지 '!$Y$23, IF(INDEX(Sheet1!$E$6:$F$51,MATCH(B33,Sheet1!$E$6:$E$51,0),2)="중금속", '한종_시료채취기록지 '!$AC$20, IF(INDEX(Sheet1!$E$6:$F$51,MATCH(B33,Sheet1!$E$6:$E$51,0),2)="T", IFERROR( INDEX(가스상항목시간,MATCH("VOCs-T",가스상항목,0),5), INDEX(가스상항목시간,MATCH("VOCs-A",가스상항목,0),5) ), IF(INDEX(Sheet1!$E$6:$F$51,MATCH(B33,Sheet1!$E$6:$E$51,0),2)="A", INDEX(가스상항목시간,MATCH("VOCs-A",가스상항목,0),5), IF(INDEX(Sheet1!$E$6:$F$51,MATCH(B33,Sheet1!$E$6:$E$51,0),2)="DNPH", INDEX(가스상항목시간,MATCH("VOCs",가스상항목,0),5), INDEX(가스상항목시간,MATCH(B33,가스상항목,0),5) )))))))))) | O33: =IF(B33="","",INDEX('대기측정 분석결과서'!$Z$23:$Z$74,MATCH(B33,항목,0))) | S33: =IF(B33="","",INDEX('대기측정 분석결과서'!$M$23:$M$74,MATCH(B33,항목,0)))
H34: =IF(B34="","",INDEX('대기측정 분석결과서'!$AH$23:$AH$74,MATCH(B34,측정항목,0))) | I34: =IF(B34="","", IF(INDEX('대기측정 분석결과서'!$F$23:$I$74,MATCH(B34,항목,0),1)="","값없음", IF(ISERROR(FIXED(IF(INDEX('대기측정 분석결과서'!$F$23:$I$74,MATCH(B34,항목,0),1)<INDEX('대기측정 분석결과서'!$AG$23:$AG$74,MATCH(B34,항목,0)),"불검출", INDEX('대기측정 분석결과서'!$F$23:$I$74,MATCH(B34,항목,0),1)),INDEX('대기측정 분석결과서'!$AI$23:$AI$74,MATCH(B34,항목,0)))),"불검출", FIXED(INDEX('대기측정 분석결과서'!$F$23:$I$74,MATCH(B34,항목,0),1),INDEX('대기측정 분석결과서'!$AI$23:$AI$74,MATCH(B34,항목,0)))))) | L34: =IF(B34="","", IF(INDEX(Sheet1!$E$6:$F$51,MATCH(B34,Sheet1!$E$6:$E$51,0),2)="수은", '한종_시료채취기록지 '!$AG$20, IF(INDEX(Sheet1!$E$6:$F$51,MATCH(B34,Sheet1!$E$6:$E$51,0),2)="먼지", '한종_시료채취기록지 '!$Y$20, IF(INDEX(Sheet1!$E$6:$F$51,MATCH(B34,Sheet1!$E$6:$E$51,0),2)="THC", '한종_시료채취기록지 '!$AC$23, IF(INDEX(Sheet1!$E$6:$F$51,MATCH(B34,Sheet1!$E$6:$E$51,0),2)="매연", '한종_시료채취기록지 '!$AG$23, IF(INDEX(Sheet1!$E$6:$F$51,MATCH(B34,Sheet1!$E$6:$E$51,0),2)="옵티마", '한종_시료채취기록지 '!$Y$23, IF(INDEX(Sheet1!$E$6:$F$51,MATCH(B34,Sheet1!$E$6:$E$51,0),2)="중금속", '한종_시료채취기록지 '!$AC$20, IF(INDEX(Sheet1!$E$6:$F$51,MATCH(B34,Sheet1!$E$6:$E$51,0),2)="T", IFERROR( INDEX(가스상항목시간,MATCH("VOCs-T",가스상항목,0),5), INDEX(가스상항목시간,MATCH("VOCs-A",가스상항목,0),5) ), IF(INDEX(Sheet1!$E$6:$F$51,MATCH(B34,Sheet1!$E$6:$E$51,0),2)="A", INDEX(가스상항목시간,MATCH("VOCs-A",가스상항목,0),5), IF(INDEX(Sheet1!$E$6:$F$51,MATCH(B34,Sheet1!$E$6:$E$51,0),2)="DNPH", INDEX(가스상항목시간,MATCH("VOCs",가스상항목,0),5), INDEX(가스상항목시간,MATCH(B34,가스상항목,0),5) )))))))))) | O34: =IF(B34="","",INDEX('대기측정 분석결과서'!$Z$23:$Z$74,MATCH(B34,항목,0))) | S34: =IF(B34="","",INDEX('대기측정 분석결과서'!$M$23:$M$74,MATCH(B34,항목,0)))
B35: 분 석 기 간 | F35: ='먼지측정 사전 Data'!H5 -> 2026-02-06 ~ 1900-01-00 | M35: 분석기술인 | Q35: 책임기술인과 같음
M36: 책임기술인 | Q36: 이 나 영 | T36: (인)
A37: ⑦ 종 합 의 견 | H37: 배 출 허 용 기 준 에 | L37: 적합 | Q37: .
A38: 위와 같이 측정분석결과를 사실대로 기록합니다.
K39: =YEAR('먼지측정 사전 Data'!R6) -> 2026 | M39: 년 | O39: =MONTH('먼지측정 사전 Data'!R6) -> 2 | P39: 월 | R39: =DAY('먼지측정 사전 Data'!R6) -> 13 | S39: 일 | X39: 발행일
C40: 상 호 | H40: 한 국 종 합 환 경 산 업 ㈜
C41: 소재지 및 연락처 | H41: 부산광역시 강서구 대저중앙로394번가길 56(대저1동), 051-555-6511
C42: 대 표 자 성 명 | H42: 김항재 | S42: (서명 또는 인)
A43: ※ 본 성적서는 KS Q ISO/IEC 17025 및 KOLAS 인정과 관련이 없음.
A44: ※ 의뢰사항과 관련이 없는 난의 경우 “-”으로 기재됩니다.
A45: ※ 액체연료는 황함유량을 ( )안에 %단위로 표기하여 주시기 바랍니다.

Sheet 현대차 시설명칭
B9: 배출시설명 | C9: 연료사용량 (시간당) | E9: 제품생산량 | G9: 제품생산량 (시간당) | H9: 원료투입량 | J9: 원료투입량 (시간당) | K9: 원료 종류
B10: 건조시설 (전착) | C10: LNG | D10: 132.0 N㎥/시 | H10: =1739+57.5 -> 1796.5 | I10: kg/일 | J10: =ROUND(H10/16,2)&" "&"kg" -> 112.28 kg | K10: 전착 도료 및 신너
B11: 건조시설 (상도) | C11: LNG | D11: 174.0 N㎥/시 | H11: =838+70 -> 908 | I11: kg/일 | J11: =ROUND(H11/16,2)&" "&"kg" -> 56.75 kg | K11: 도료 및 신너

Sheet 한종_시료채취기록지 
B1: 대기시료 채취기록지 | AA1: 측정여지번호 | AC1: 포집 전 | AE1: 포집 후
Q2: 접수번호 : | S2: ="KGAR-"&TEXT('먼지측정 사전 Data'!N6,"yy")&"-"&'먼지측정 사전 Data'!O4 -> KGAR-26- | W2: =IF('먼지측정 사전 Data'!P4="","",'먼지측정 사전 Data'!P4) | AA2: 2-30
B3: 업 체 명 | F3: ='대기측정 분석결과서'!E4 -> 0 | K3: 굴뚝높이: | N3: ='대기측정 분석결과서'!H11 -> 0 | P3: m | Q3: 대기온도 : | T3: ='먼지측정 사전 Data'!L8&" ℃" -> ℃ | V3: 습 도 : | X3: ='먼지측정 사전 Data'!N8&" %" -> % | AA3: 바탕여지번호 | AC3: 포집 전 | AE3: 포집 후
K4: 굴뚝단면 및 측정점 배열 | AA4: 2-31
B5: 배 출 시 설 | F5: ='대기측정 분석결과서'!E9 -> 0 | Q5: 풍 향 : | T5: =IF('먼지측정 사전 Data'!O8="정온","정온",'먼지측정 사전 Data'!O8&" 풍") -> 풍 | V5: 날 씨 : | X5: ='먼지측정 사전 Data'!J8 -> 0
B6: 방지시설명 | F6: ='대기측정 분석결과서'!E13 -> 0 | Q6: 풍 속 : | T6: ='먼지측정 사전 Data'!P8&" m/s" -> m/s | V6: 피토관계수 : | X6: ='먼지측정 사전 Data'!H65 -> 0
B7: 측 정 일 | F7: ='대기측정 분석결과서'!Z1 -> 0 | Q7: 측정공 위치의 기압 : | V7: ='먼지측정 사전 Data'!H20&" mmHg" -> 0 mmHg
B8: 채 취 시 간 | F8: ='먼지측정 사전 Data'!H6&" : "&IF('먼지측정 사전 Data'!I6<10,"0"&'먼지측정 사전 Data'!I6,'먼지측정 사전 Data'!I6) -> : 0 | H8: ~ | I8: ='먼지측정 사전 Data'!K6&" : "&IF('먼지측정 사전 Data'!L6<10,"0"&'먼지측정 사전 Data'!L6,'먼지측정 사전 Data'!L6) -> : 0 | Q8: ΔH : | S8: ='먼지측정 사전 Data'!H63 -> 0 | V8: YD : | W8: ='먼지측정 사전 Data'!H64 -> 0
B9: 연도 직경(m) | F9: =IF('먼지측정 사전 Data'!D31>0,'먼지측정 사전 Data'!D31,TEXT('먼지측정 사전 Data'!D33,"0.000")&" X "&TEXT('먼지측정 사전 Data'!E33,"0.000")) -> 0.000 X 0.000 | K9: 연도 벽면으로부터 (cm) | Q9: 가스흡입량 : | V9: =IF(COUNT('먼지측정 사전 Data'!H72)=0,"-",ROUND('먼지측정 사전 Data'!L94,3)) -> - | X9: Sm3
B10: 연도 면적(㎡) | F10: ='먼지측정 사전 Data'!K31 -> 0 | K10: 1지점. | M10: =IF(AND('먼지측정 사전 Data'!J33=1,AND('먼지측정 사전 Data'!D31>0.564,'먼지측정 사전 Data'!D31<=1)),'먼지측정 사전 Data'!D40*100, IF(AND('먼지측정 사전 Data'!J33=1,AND('먼지측정 사전 Data'!D31>1,'먼지측정 사전 Data'!D31<=2)),'먼지측정 사전 Data'!F41*100, IF(AND('먼지측정 사전 Data'!J33=1,AND('먼지측정 사전 Data'!D31=0,'먼지측정 사전 Data'!K31<=1)),'먼지측정 사전 Data'!E33*100*0.25, IF('먼지측정 사전 Data'!D31=0,'먼지측정 사전 Data'!E33*50, IF(AND('먼지측정 사전 Data'!D31>0,'먼지측정 사전 Data'!D31<0.5641),'먼지측정 사전 Data'!D39*100, IF(AND('먼지측정 사전 Data'!D31>0.564,'먼지측정 사전 Data'!D31<=1),'먼지측정 사전 Data'!D40*100, IF(AND('먼지측정 사전 Data'!D31>1,'먼지측정 사전 Data'!D31<=2),'먼지측정 사전 Data'!D41*100, IF(AND('먼지측정 사전 Data'!D31>2,'먼지측정 사전 Data'!D31<=4),'먼지측정 사전 Data'!D42*100, IF(AND('먼지측정 사전 Data'!D31>4,'먼지측정 사전 Data'!D31<=4.5),'먼지측정 사전 Data'!D43*100, IF('먼지측정 사전 Data'!D31>4.5,'먼지측정 사전 Data'!D44*100,"")))))))))) -> 0 | Q10: O2(%) : | T10: ='먼지측정 사전 Data'!H14 -> 0 | V10: CO2(%) : | X10: ='먼지측정 사전 Data'!H16 -> 0 | AB10: 맹호수 | AD10: 박민우 | AF10: 이동협 | AH10: 정우창 | AJ10: 신민석 | AL10: 강민수 | AN10: 강민수
B11: 측정여지 번호 | F11: =IF(COUNT('먼지측정 사전 Data'!H72)=0,"-","측정 "&'먼지측정 사전 Data'!A95&" , "&"바탕 "&'먼지측정 사전 Data'!A97) -> - | K11: 2지점. | M11: =IF(AND('먼지측정 사전 Data'!J33=1,AND('먼지측정 사전 Data'!D31>0.564,'먼지측정 사전 Data'!D31<=1)),F9*100-M10, IF(AND('먼지측정 사전 Data'!J33=1,AND('먼지측정 사전 Data'!D31>1,'먼지측정 사전 Data'!D31<=2)),'먼지측정 사전 Data'!D41*100, IF(AND('먼지측정 사전 Data'!J33=1,AND('먼지측정 사전 Data'!D31=0,'먼지측정 사전 Data'!K31<=1)),'먼지측정 사전 Data'!E33*100*0.75, IF('먼지측정 사전 Data'!D31<=1,"", IF(AND('먼지측정 사전 Data'!D31>0.564,'먼지측정 사전 Data'!D31<=1),'먼지측정 사전 Data'!F40*100, IF(AND('먼지측정 사전 Data'!D31>1,'먼지측정 사전 Data'!D31<=2),'먼지측정 사전 Data'!F41*100, IF(AND('먼지측정 사전 Data'!D31>2,'먼지측정 사전 Data'!D31<=4),'먼지측정 사전 Data'!F42*100, IF(AND('먼지측정 사전 Data'!D31>4,'먼지측정 사전 Data'!D31<=4.5),'먼지측정 사전 Data'!F43*100, IF('먼지측정 사전 Data'!D31>4.5,'먼지측정 사전 Data'!F44*100,0))))))))) | Q11: 누출검사 확인 (mmHg) : | T11: =IF(COUNT('먼지측정 사전 Data'!H72)=0,"-",381) -> - | V11: 배출가스 정압 (mmHg) : | X11: ='먼지측정 사전 Data'!U71 -> #DIV/0!
B12: 기술책임자 확인 | F12: 이 나 영 | I12: ( 서 명 ) | K12: 3지점. | M12: =IF(AND('먼지측정 사전 Data'!J33=1,AND('먼지측정 사전 Data'!D31>1,'먼지측정 사전 Data'!D31<=2)),F9*100-M11, IF('먼지측정 사전 Data'!D31<=2,"", IF(AND('먼지측정 사전 Data'!D31>0.564,'먼지측정 사전 Data'!D31<=1),'먼지측정 사전 Data'!I40*100, IF(AND('먼지측정 사전 Data'!D31>1,'먼지측정 사전 Data'!D31<=2),'먼지측정 사전 Data'!I41*100, IF(AND('먼지측정 사전 Data'!D31>2,'먼지측정 사전 Data'!D31<=4),'먼지측정 사전 Data'!I42*100, IF(AND('먼지측정 사전 Data'!D31>4,'먼지측정 사전 Data'!D31<=4.5),'먼지측정 사전 Data'!I43*100, IF('먼지측정 사전 Data'!D31>4.5,'먼지측정 사전 Data'!I44*100,0))))))) | Q12: 흡인노즐 (mm) : | V12: =IF(COUNT('먼지측정 사전 Data'!H72)=0,"-",'먼지측정 사전 Data'!R84*10) -> -
B13: 시료채취자 확인 | F13: ='대기측정 분석결과서'!U7 -> 0 | I13: ( 서 명 ) | K13: 4지점. | M13: =IF(AND('먼지측정 사전 Data'!J33=1,AND('먼지측정 사전 Data'!D31>1,'먼지측정 사전 Data'!D31<=2)),F9*100-M10, IF('먼지측정 사전 Data'!D31<=4,"", IF(AND('먼지측정 사전 Data'!D31>0.564,'먼지측정 사전 Data'!D31<=1),'먼지측정 사전 Data'!K40*100, IF(AND('먼지측정 사전 Data'!D31>1,'먼지측정 사전 Data'!D31<=2),'먼지측정 사전 Data'!K41*100, IF(AND('먼지측정 사전 Data'!D31>2,'먼지측정 사전 Data'!D31<=4),'먼지측정 사전 Data'!K42*100, IF(AND('먼지측정 사전 Data'!D31>4,'먼지측정 사전 Data'!D31<=4.5),'먼지측정 사전 Data'!K43*100, IF('먼지측정 사전 Data'!D31>4.5,'먼지측정 사전 Data'!K44*100,0))))))) | Q13: 노즐단면적 (㎠) : | V13: =IF(COUNT('먼지측정 사전 Data'!H72)=0,"-",'먼지측정 사전 Data'!U84) -> -
F14: =IF('한종_측정기록부 (사용X)'!Q19="외 1명 (인)","-",'대기측정 분석결과서'!X7) -> 0 | I14: ( 서 명 ) | AB14: 강원석 | AD14: 정종원 | AF14: 김흥록
B15: 시료채취입회자 (환경기술인) | F15: 이 상 직 | I15: ( 서 명 ) | K15: 5지점. | M15: =IF('먼지측정 사전 Data'!D31<=4.5,"",'먼지측정 사전 Data'!M44*100) | Q15: 등속흡인계수 (%) : | V15: =IF(COUNT('먼지측정 사전 Data'!H72)=0,"-",'먼지측정 사전 Data'!R87) -> -
B16: [입자상 물질] | G16: 측정시간 ( | I16: =IF(W2="가스상","",IF(W2="수은",(AG19&" : "&IF(AH19<10,"0"&AH19,AH19)),IF(W2="중금속",(AC19&" : "&IF(AD19<10,"0"&AD19,AD19)),(Y19&" : "&IF(Z19<10,"0"&Z19,Z19))))) -> 9 : 55 | K16: ~ | L16: =IF(W2="가스상","",IF(W2="수은",(AI19&" : "&IF(AJ19<10,"0"&AJ19,AJ19)),IF(W2="중금속",(AE19&" : "&IF(AF19<10,"0"&AF19,AF19)),(AA19&" : "&IF(AB19<10,"0"&AB19,AB19))))) -> 11 : 05 | N16: )
B18: 채취점 번호 | D18: 채취 시간 (분) | F18: 진공압 (mmHg) | H18: 정압 (mmH2O) | J18: 동압 (mmH2O) | L18: 온 도(℃) | O18: K-Factor | Q18: 오리피스 압차 (mmH2O) | S18: 여과지 홀더 온도 (℃) | U18: 임핀저 출구 온도 (℃) | W18: 채취 전 | X18: =IF(COUNT('먼지측정 사전 Data'!H72)=0,"",IF('먼지측정 사전 Data'!U78=1,'먼지측정 사전 Data'!H78,'먼지측정 사전 Data'!H78*1000)) | Y18: 먼지 | AC18: 중금속 | AG18: 수은 | AK18: PM10 | AO18: PM2.5
L19: Ts | M19: Tm (in) | N19: Tm (out) | W19: 채취 후 | X19: 채취량(L) | Y19: 9 | Z19: 55 | AA19: 11 | AB19: 5 | AC19: 9 | AD19: 55 | AE19: 11 | AF19: 5
B20: 1번 | D20: =IF(COUNT('먼지측정 사전 Data'!H72)=0,"",'먼지측정 사전 Data'!H75) | F20: =IF(COUNT('먼지측정 사전 Data'!H72)=0,"",'먼지측정 사전 Data'!H88) | H20: ='먼지측정 사전 Data'!H71 -> 0 | J20: ='먼지측정 사전 Data'!H70 -> 0 | L20: ='먼지측정 사전 Data'!H69 -> 0 | M20: =IF(COUNT('먼지측정 사전 Data'!H72)=0,"",'먼지측정 사전 Data'!H72) | N20: =IF(COUNT('먼지측정 사전 Data'!H72)=0,"",'먼지측정 사전 Data'!H73) | O20: =IF(COUNT('먼지측정 사전 Data'!H72)=0,"",'먼지측정 사전 Data'!H85) | Q20: =IF(COUNT('먼지측정 사전 Data'!H72)=0,"",'먼지측정 사전 Data'!H86) | S20: =IF(COUNT('먼지측정 사전 Data'!H72)=0,"",'먼지측정 사전 Data'!H69) | U20: =IF(COUNT('먼지측정 사전 Data'!H72)=0,"",'먼지측정 사전 Data'!H89) | W20: =IF(COUNT('먼지측정 사전 Data'!H72)=0,"",IF('먼지측정 사전 Data'!U78=1,'먼지측정 사전 Data'!H79,'먼지측정 사전 Data'!H79*1000)) | X20: =IF(COUNT('먼지측정 사전 Data'!H72)=0,"",IF('먼지측정 사전 Data'!U78=1,(W20-X18),'먼지측정 사전 Data'!H80*1000)) | Y20: =IF(Y19="","",IF(Y19<10,"0"&Y19,Y19)&" : "&IF(Z19<10,"0"&Z19,Z19)&" ~ "&IF(AA19<10,"0"&AA19,AA19)&" : "&IF(AB19<10,"0"&AB19,AB19)) -> 09 : 55 ~ 11 : 05 | AC20: =IF(AC19="","",IF(AC19<10,"0"&AC19,AC19)&" : "&IF(AD19<10,"0"&AD19,AD19)&" ~ "&IF(AE19<10,"0"&AE19,AE19)&" : "&IF(AF19<10,"0"&AF19,AF19)) -> 09 : 55 ~ 11 : 05 | AG20: =IF(AG19="","",IF(AG19<10,"0"&AG19,AG19)&" : "&IF(AH19<10,"0"&AH19,AH19)&" ~ "&IF(AI19<10,"0"&AI19,AI19)&" : "&IF(AJ19<10,"0"&AJ19,AJ19)) | AK20: =IF(AK19="","",AK19&" : "&IF(AL19<10,"0"&AL19,AL19)&" ~ "&AM19&" : "&IF(AN19<10,"0"&AN19,AN19)) | AO20: =IF(AO19="","",AO19&" : "&IF(AP19<10,"0"&AP19,AP19)&" ~ "&AQ19&" : "&IF(AR19<10,"0"&AR19,AR19))
B21: 2번 | D21: =IF(COUNT('먼지측정 사전 Data'!J72)=0,"",'먼지측정 사전 Data'!J75) | F21: =IF(COUNT('먼지측정 사전 Data'!J72)=0,"",'먼지측정 사전 Data'!J88) | H21: =IF(COUNT('먼지측정 사전 Data'!J70)=0,"",'먼지측정 사전 Data'!J71) | J21: =IF(COUNT('먼지측정 사전 Data'!J70)=0,"",'먼지측정 사전 Data'!J70) | L21: =IF(COUNT('먼지측정 사전 Data'!J70)=0,"",'먼지측정 사전 Data'!J69) | M21: =IF(COUNT('먼지측정 사전 Data'!J72)=0,"",'먼지측정 사전 Data'!J72) | N21: =IF(COUNT('먼지측정 사전 Data'!J72)=0,"",'먼지측정 사전 Data'!J73) | O21: =IF(COUNT('먼지측정 사전 Data'!J72)=0,"",'먼지측정 사전 Data'!J85) | Q21: =IF(COUNT('먼지측정 사전 Data'!J72)=0,"",'먼지측정 사전 Data'!J86) | S21: =IF(COUNT('먼지측정 사전 Data'!J72)=0,"",'먼지측정 사전 Data'!J69) | U21: =IF(COUNT('먼지측정 사전 Data'!J72)=0,"",'먼지측정 사전 Data'!J89) | W21: =IF(COUNT('먼지측정 사전 Data'!J72)=0,"",IF('먼지측정 사전 Data'!U78=1,'먼지측정 사전 Data'!J79,'먼지측정 사전 Data'!J79*1000)) | X21: =IF(COUNT('먼지측정 사전 Data'!J72)=0,"",IF('먼지측정 사전 Data'!U78=1,(W21-W20),'먼지측정 사전 Data'!J80*1000)) | Y21: 가스분석기 측정시간 | AC21: THC 측정시간 | AG21: 매 연 ( 1분 )
B22: 3번 | D22: =IF(COUNT('먼지측정 사전 Data'!L72)=0,"",'먼지측정 사전 Data'!L75) | F22: =IF(COUNT('먼지측정 사전 Data'!L72)=0,"",'먼지측정 사전 Data'!L88) | H22: =IF(COUNT('먼지측정 사전 Data'!L70)=0,"",'먼지측정 사전 Data'!L71) | J22: =IF(COUNT('먼지측정 사전 Data'!L70)=0,"",'먼지측정 사전 Data'!L70) | L22: =IF(COUNT('먼지측정 사전 Data'!L70)=0,"",'먼지측정 사전 Data'!L69) | M22: =IF(COUNT('먼지측정 사전 Data'!L72)=0,"",'먼지측정 사전 Data'!L72) | N22: =IF(COUNT('먼지측정 사전 Data'!L72)=0,"",'먼지측정 사전 Data'!L73) | O22: =IF(COUNT('먼지측정 사전 Data'!L72)=0,"",'먼지측정 사전 Data'!L85) | Q22: =IF(COUNT('먼지측정 사전 Data'!L72)=0,"",'먼지측정 사전 Data'!L86) | S22: =IF(COUNT('먼지측정 사전 Data'!L72)=0,"",'먼지측정 사전 Data'!L69) | U22: =IF(COUNT('먼지측정 사전 Data'!L72)=0,"",'먼지측정 사전 Data'!L89) | W22: =IF(COUNT('먼지측정 사전 Data'!L72)=0,"",IF('먼지측정 사전 Data'!U78=1,'먼지측정 사전 Data'!L79,'먼지측정 사전 Data'!L79*1000)) | X22: =IF(COUNT('먼지측정 사전 Data'!L72)=0,"",IF('먼지측정 사전 Data'!U78=1,(W22-W21),'먼지측정 사전 Data'!L80*1000)) | AC22: 9 | AD22: 3 | AE22: 9 | AF22: 33
B23: 4번 | D23: =IF(COUNT('먼지측정 사전 Data'!N72)=0,"",'먼지측정 사전 Data'!N75) | F23: =IF(COUNT('먼지측정 사전 Data'!N72)=0,"",'먼지측정 사전 Data'!N88) | H23: =IF(COUNT('먼지측정 사전 Data'!N70)=0,"",'먼지측정 사전 Data'!N71) | J23: =IF(COUNT('먼지측정 사전 Data'!N70)=0,"",'먼지측정 사전 Data'!N70) | L23: =IF(COUNT('먼지측정 사전 Data'!N70)=0,"",'먼지측정 사전 Data'!N69) | M23: =IF(COUNT('먼지측정 사전 Data'!N72)=0,"",'먼지측정 사전 Data'!N72) | N23: =IF(COUNT('먼지측정 사전 Data'!N72)=0,"",'먼지측정 사전 Data'!N73) | O23: =IF(COUNT('먼지측정 사전 Data'!N72)=0,"",'먼지측정 사전 Data'!N85) | Q23: =IF(COUNT('먼지측정 사전 Data'!N72)=0,"",'먼지측정 사전 Data'!N86) | S23: =IF(COUNT('먼지측정 사전 Data'!N72)=0,"",'먼지측정 사전 Data'!N69) | U23: =IF(COUNT('먼지측정 사전 Data'!N72)=0,"",'먼지측정 사전 Data'!N89) | W23: =IF(COUNT('먼지측정 사전 Data'!N72)=0,"",IF('먼지측정 사전 Data'!U78=1,'먼지측정 사전 Data'!N79,'먼지측정 사전 Data'!N79*1000)) | X23: =IF(COUNT('먼지측정 사전 Data'!N72)=0,"",IF('먼지측정 사전 Data'!U78=1,(W23-W22),'먼지측정 사전 Data'!N80*1000)) | Y23: =IF(Y22="","",IF(Y22<10,"0"&Y22,Y22)&" : "&IF(Z22<10,"0"&Z22,Z22)&" ~ "&IF(AA22<10,"0"&AA22,AA22)&" : "&IF(AB22<10,"0"&AB22,AB22)) | AC23: =IF(AC22="","",IF(AC22<10,"0"&AC22,AC22)&" : "&IF(AD22<10,"0"&AD22,AD22)&" ~ "&IF(AE22<10,"0"&AE22,AE22)&" : "&IF(AF22<10,"0"&AF22,AF22)) -> 09 : 03 ~ 09 : 33 | AG23: =IF(AG22="","",IF(AG22<10,"0"&AG22,AG22)&" : "&IF(AH22<10,"0"&AH22,AH22)&" ~ "&IF(AI22<10,"0"&AI22,AI22)&" : "&IF(AJ22<10,"0"&AJ22,AJ22))
B24: 5번 | D24: =IF(COUNT('먼지측정 사전 Data'!P72)=0,"",'먼지측정 사전 Data'!P75) | F24: =IF(COUNT('먼지측정 사전 Data'!P72)=0,"",'먼지측정 사전 Data'!P88) | H24: =IF(COUNT('먼지측정 사전 Data'!P70)=0,"",'먼지측정 사전 Data'!P71) | J24: =IF(COUNT('먼지측정 사전 Data'!P70)=0,"",'먼지측정 사전 Data'!P70) | L24: =IF(COUNT('먼지측정 사전 Data'!P70)=0,"",'먼지측정 사전 Data'!P69) | M24: =IF(COUNT('먼지측정 사전 Data'!P72)=0,"",'먼지측정 사전 Data'!P72) | N24: =IF(COUNT('먼지측정 사전 Data'!P72)=0,"",'먼지측정 사전 Data'!P73) | O24: =IF(COUNT('먼지측정 사전 Data'!P72)=0,"",'먼지측정 사전 Data'!P85) | Q24: =IF(COUNT('먼지측정 사전 Data'!P72)=0,"",'먼지측정 사전 Data'!P86) | S24: =IF(COUNT('먼지측정 사전 Data'!P72)=0,"",'먼지측정 사전 Data'!P69) | U24: =IF(COUNT('먼지측정 사전 Data'!P72)=0,"",'먼지측정 사전 Data'!P89) | W24: =IF(COUNT('먼지측정 사전 Data'!P72)=0,"",IF('먼지측정 사전 Data'!U78=1,'먼지측정 사전 Data'!P79,'먼지측정 사전 Data'!P79*1000)) | X24: =IF(COUNT('먼지측정 사전 Data'!P72)=0,"",IF('먼지측정 사전 Data'!U78=1,(W24-W23),'먼지측정 사전 Data'!P80*1000)) | Y24: 먼지 합 | AA24: 중금속 합 | AC24: 수은 합 | AE24: 산소 합 | AG24: THC 합
B25: 합 계 | D25: =IF(COUNT('먼지측정 사전 Data'!H72)=0,"",SUM(D20:E24)) | X25: =IF(COUNT('먼지측정 사전 Data'!H72)=0,"",SUM(X20:X24)) | Y25: =IF(Y19="","",(AA19*60+AB19)-(Y19*60+Z19)) -> 70 | AA25: =IF(AC19="","",(AE19*60+AF19)-(AC19*60+AD19)) -> 70 | AC25: =IF(AG19="","",(AI19*60+AJ19)-(AG19*60+AH19)) | AE25: =IF(Y22="","",(AA22*60+AB22)-(Y22*60+Z22)) | AG25: =IF(AC22="","",(AE22*60+AF22)-(AC22*60+AD22)) -> 30
B26: 평 균 | F26: =IF(COUNT('먼지측정 사전 Data'!H72)=0,"",AVERAGE(F20:G24)) | H26: =AVERAGE(H20:I24) -> 0 | J26: =AVERAGE(J20:K24) -> 0 | L26: =AVERAGE(L20:L24) -> 0 | M26: =IF(COUNT('먼지측정 사전 Data'!H72)=0,"",AVERAGE(M20:N24)) | O26: =IF(COUNT('먼지측정 사전 Data'!H72)=0,"",AVERAGE(O20:P24)) | Q26: =IF(COUNT('먼지측정 사전 Data'!H72)=0,"",AVERAGE(Q20:R24)) | S26: =IF(COUNT('먼지측정 사전 Data'!H72)=0,"",AVERAGE(S20:T24)) | U26: =IF(COUNT('먼지측정 사전 Data'!H72)=0,"",AVERAGE(U20:V24)) | Y26: 입자상 흡입유량
B27: [수 분 ] | E27: 수분량(%) : | H27: ='먼지측정 사전 Data'!H59 -> #DIV/0! | K27: 배출가스온도(℃) : | O27: =IF('먼지측정 사전 Data'!Q60=0,"",L26) | S27: 포화수증기압 : | W27: =IF('먼지측정 사전 Data'!Q60=0,"",'포화수증기압 표 '!E4) | Y27: ='먼지측정 사전 Data'!R80*1000/'먼지측정 사전 Data'!R75 -> #DIV/0! | AA27: L/min
B28: 흡인유량 (L/min) | E28: 가스미터압 (mmHg) | H28: 온 도(℃) | L28: 무수염화칼슘(g) | P28: 채 취 시 간 : | U28: =IF('먼지측정 사전 Data'!Q60=1,"",V30/B30) -> #DIV/0! | X28: 분
H29: Tm(in) | J29: Tm(out) | L29: 전 무게 | N29: 후 무게 | P29: 채취 전 | S29: 채취 후 | V29: 채취량(L)
B30: =IF('먼지측정 사전 Data'!Q60=1,"",'먼지측정 사전 Data'!H54) -> 0 | E30: =IF('먼지측정 사전 Data'!Q60=1,"",'먼지측정 사전 Data'!O55) -> 0.87 | H30: =IF('먼지측정 사전 Data'!Q60=1,"",'먼지측정 사전 Data'!H51) -> 0 | J30: =IF('먼지측정 사전 Data'!Q60=1,"",'먼지측정 사전 Data'!H52) -> 0 | L30: =IF('먼지측정 사전 Data'!Q60=1,"",'먼지측정 사전 Data'!H48) -> 0 | N30: =IF('먼지측정 사전 Data'!Q60=1,"",'먼지측정 사전 Data'!H49) -> 0 | P30: =IF('먼지측정 사전 Data'!Q60=1,"",'먼지측정 사전 Data'!H56) -> 0 | S30: =IF('먼지측정 사전 Data'!Q60=1,"",'먼지측정 사전 Data'!H57) -> 0 | V30: =IF('먼지측정 사전 Data'!Q60=1,"",'먼지측정 사전 Data'!H58) -> 0
B31: [가스상 및 VOCs 물질] | H31: 가스분석기 측정시간 ( | L31: =IF(Y23="","",Y23) | O31: ) | S31: THC 측정시간 | V31: =IF(AC23="","( : ~ : )","( "&AC23&" )") -> ( 09 : 03 ~ 09 : 33 )
B32: 항 목 | E32: 측정시간 | I32: 흡인유량 (L/min) | J32: 가스미터압 (mmHg) | K32: 온 도(℃) | M32: 채취전 | O32: 채취후 | Q32: Tube No. | U32: 채취량 (L) | W32: 매 연 | Y32: 측정시간 여기에 기입
K33: Tm(in) | L33: Tm(out) | Q33: 현장바탕시료 | S33: 시료 | W33: =IF(AG23="","( : ~ : )","("&AG23&")") -> ( : ~ : ) | AC33: 합계 | AH33: 수식열 | AQ33: 현대차 요구 항목명
A34: =IF(B34="","", IF(ISNUMBER(SEARCH("현대자동차",'대기측정 분석결과서'!$E$4)), IF(B34=$AN$38,$AQ$38, IF(B34=$AN$39,$AQ$39, IF(B34=$AN$40,$AQ$40, IF(B34=$AN$41,$AQ$41, IF(B34=$AN$42,$AQ$42, B34))))), B34) ) | E34: =IF(Y34="","",IF(Y34<10,"0"&Y34,Y34)&" : "&IF(Z34<10,"0"&Z34,Z34)&" ~ "&IF(AA34<10,"0"&AA34,AA34)&" : "&IF(AB34<10,"0"&AB34,AB34)) | I34: =IF(B34="","",IFERROR(VLOOKUP(B34,$AH$34:$AL$47,3,FALSE),"")) | L34: =IF(K34="","",K34) | U34: =IF(B34="VOCs-T",1,IF(B34="VOCs-A",1,IF(B34="VOCs",5,IF(M34="","",O34-M34)))) | W34: 0 | AC34: =IF(Y34="","",(AA34*60+AB34)-(Y34*60+Z34)) | AH34: 암모니아 | AJ34: 2 | AL34: 20 | AN34: 암모니아 | AQ34: 암모니아
A35: =IF(B35="","", IF(ISNUMBER(SEARCH("현대자동차",'대기측정 분석결과서'!$E$4)), IF(B35=$AN$38,$AQ$38, IF(B35=$AN$39,$AQ$39, IF(B35=$AN$40,$AQ$40, IF(B35=$AN$41,$AQ$41, IF(B35=$AN$42,$AQ$42, B35))))), B35) ) | E35: =IF(Y35="","",IF(Y35<10,"0"&Y35,Y35)&" : "&IF(Z35<10,"0"&Z35,Z35)&" ~ "&IF(AA35<10,"0"&AA35,AA35)&" : "&IF(AB35<10,"0"&AB35,AB35)) | I35: =IF(B35="","",IFERROR(VLOOKUP(B35,$AH$34:$AL$47,3,FALSE),"")) | L35: =IF(K35="","",K35) | S35: =IF($B35="이황화메틸","테들러백",IF($B35="VOCs","DNPH","")) | U35: =IF(B35="VOCs-T",1,IF(B35="VOCs-A",1,IF(B35="VOCs",5,IF(M35="","",O35-M35)))) | W35: 1 | AC35: =IF(Y35="","",(AA35*60+AB35)-(Y35*60+Z35)) | AH35: 염화수소 | AJ35: 1 | AL35: 40 | AN35: 염화수소 | AQ35: 염화수소
A36: =IF(B36="","", IF(ISNUMBER(SEARCH("현대자동차",'대기측정 분석결과서'!$E$4)), IF(B36=$AN$38,$AQ$38, IF(B36=$AN$39,$AQ$39, IF(B36=$AN$40,$AQ$40, IF(B36=$AN$41,$AQ$41, IF(B36=$AN$42,$AQ$42, B36))))), B36) ) | E36: =IF(Y36="","",IF(Y36<10,"0"&Y36,Y36)&" : "&IF(Z36<10,"0"&Z36,Z36)&" ~ "&IF(AA36<10,"0"&AA36,AA36)&" : "&IF(AB36<10,"0"&AB36,AB36)) | I36: =IF(B36="","",IFERROR(VLOOKUP(B36,$AH$34:$AL$47,3,FALSE),"")) | L36: =IF(K36="","",K36) | S36: =IF($B36="이황화메틸","테들러백",IF($B36="VOCs","DNPH","")) | U36: =IF(B36="VOCs-T",1,IF(B36="VOCs-A",1,IF(B36="VOCs",5,IF(M36="","",O36-M36)))) | W36: 2 | AC36: =IF(Y36="","",(AA36*60+AB36)-(Y36*60+Z36)) | AH36: 이황화탄소 | AJ36: 0.1 | AL36: 10 | AN36: 이황화탄소 | AQ36: 이황화탄소
A37: =IF(B37="","", IF(ISNUMBER(SEARCH("현대자동차",'대기측정 분석결과서'!$E$4)), IF(B37=$AN$38,$AQ$38, IF(B37=$AN$39,$AQ$39, IF(B37=$AN$40,$AQ$40, IF(B37=$AN$41,$AQ$41, IF(B37=$AN$42,$AQ$42, B37))))), B37) ) | E37: =IF(Y37="","",IF(Y37<10,"0"&Y37,Y37)&" : "&IF(Z37<10,"0"&Z37,Z37)&" ~ "&IF(AA37<10,"0"&AA37,AA37)&" : "&IF(AB37<10,"0"&AB37,AB37)) | I37: =IF(B37="","",IFERROR(VLOOKUP(B37,$AH$34:$AL$47,3,FALSE),"")) | L37: =IF(K37="","",K37) | S37: =IF($B37="이황화메틸","테들러백",IF($B37="VOCs","DNPH","")) | U37: =IF(B37="VOCs-T",1,IF(B37="VOCs-A",1,IF(B37="VOCs",5,IF(M37="","",O37-M37)))) | W37: 3 | AC37: =IF(Y37="","",(AA37*60+AB37)-(Y37*60+Z37)) | AH37: 황화수소 | AJ37: 1 | AL37: 20 | AN37: 황화수소 | AQ37: 황화수소
A38: =IF(B38="","", IF(ISNUMBER(SEARCH("현대자동차",'대기측정 분석결과서'!$E$4)), IF(B38=$AN$38,$AQ$38, IF(B38=$AN$39,$AQ$39, IF(B38=$AN$40,$AQ$40, IF(B38=$AN$41,$AQ$41, IF(B38=$AN$42,$AQ$42, B38))))), B38) ) | E38: =IF(Y38="","",IF(Y38<10,"0"&Y38,Y38)&" : "&IF(Z38<10,"0"&Z38,Z38)&" ~ "&IF(AA38<10,"0"&AA38,AA38)&" : "&IF(AB38<10,"0"&AB38,AB38)) | I38: =IF(B38="","",IFERROR(VLOOKUP(B38,$AH$34:$AL$47,3,FALSE),"")) | L38: =IF(K38="","",K38) | S38: =IF($B38="이황화메틸","테들러백",IF($B38="VOCs","DNPH","")) | U38: =IF(B38="VOCs-T",1,IF(B38="VOCs-A",1,IF(B38="VOCs",5,IF(M38="","",O38-M38)))) | W38: 4 | AC38: =IF(Y38="","",(AA38*60+AB38)-(Y38*60+Z38)) | AH38: 플루오린화합물 | AJ38: 1 | AL38: 80 | AN38: 플루오린화합물 | AQ38: 불소화합물
A39: =IF(B39="","", IF(ISNUMBER(SEARCH("현대자동차",'대기측정 분석결과서'!$E$4)), IF(B39=$AN$38,$AQ$38, IF(B39=$AN$39,$AQ$39, IF(B39=$AN$40,$AQ$40, IF(B39=$AN$41,$AQ$41, IF(B39=$AN$42,$AQ$42, B39))))), B39) ) | E39: =IF(Y39="","",IF(Y39<10,"0"&Y39,Y39)&" : "&IF(Z39<10,"0"&Z39,Z39)&" ~ "&IF(AA39<10,"0"&AA39,AA39)&" : "&IF(AB39<10,"0"&AB39,AB39)) | L39: =IF(K39="","",K39) | S39: =IF($B39="이황화메틸","테들러백",IF($B39="VOCs","DNPH","")) | U39: =IF(B39="VOCs-T",1,IF(B39="VOCs-A",1,IF(B39="VOCs",5,IF(M39="","",O39-M39)))) | W39: 5 | AC39: =IF(Y39="","",(AA39*60+AB39)-(Y39*60+Z39)) | AH39: 사이안화수소 | AJ39: 1 | AL39: 10 | AN39: 사이안화수소 | AQ39: 시안화수소
A40: =IF(B40="","", IF(ISNUMBER(SEARCH("현대자동차",'대기측정 분석결과서'!$E$4)), IF(B40=$AN$38,$AQ$38, IF(B40=$AN$39,$AQ$39, IF(B40=$AN$40,$AQ$40, IF(B40=$AN$41,$AQ$41, IF(B40=$AN$42,$AQ$42, B40))))), B40) ) | E40: =IF(Y40="","",IF(Y40<10,"0"&Y40,Y40)&" : "&IF(Z40<10,"0"&Z40,Z40)&" ~ "&IF(AA40<10,"0"&AA40,AA40)&" : "&IF(AB40<10,"0"&AB40,AB40)) | I40: =IF(B40="","",IFERROR(VLOOKUP(B40,$AH$34:$AL$47,3,FALSE),"")) | L40: =IF(K40="","",K40) | S40: =IF($B40="이황화메틸","테들러백",IF($B40="VOCs","DNPH","")) | U40: =IF(B40="VOCs-T",1,IF(B40="VOCs-A",1,IF(B40="VOCs",5,IF(M40="","",O40-M40)))) | AC40: =IF(Y40="","",(AA40*60+AB40)-(Y40*60+Z40)) | AH40: 브로민화합물 | AJ40: 1 | AL40: 40 | AN40: 브로민화합물 | AQ40: 브롬화합물
A41: =IF(B41="","", IF(ISNUMBER(SEARCH("현대자동차",'대기측정 분석결과서'!$E$4)), IF(B41=$AN$38,$AQ$38, IF(B41=$AN$39,$AQ$39, IF(B41=$AN$40,$AQ$40, IF(B41=$AN$41,$AQ$41, IF(B41=$AN$42,$AQ$42, B41))))), B41) ) | E41: =IF(Y41="","",IF(Y41<10,"0"&Y41,Y41)&" : "&IF(Z41<10,"0"&Z41,Z41)&" ~ "&IF(AA41<10,"0"&AA41,AA41)&" : "&IF(AB41<10,"0"&AB41,AB41)) | I41: =IF(B41="","",IFERROR(VLOOKUP(B41,$AH$34:$AL$47,3,FALSE),"")) | L41: =IF(K41="","",K41) | S41: =IF($B41="이황화메틸","테들러백",IF($B41="VOCs","DNPH","")) | U41: =IF(B41="VOCs-T",1,IF(B41="VOCs-A",1,IF(B41="VOCs",5,IF(M41="","",O41-M41)))) | AC41: =IF(Y41="","",(AA41*60+AB41)-(Y41*60+Z41)) | AH41: 페놀화합물 | AJ41: 1 | AL41: 20 | AN41: 페놀화합물 | AQ41: 페놀화합물
A42: =IF(B42="","", IF(ISNUMBER(SEARCH("현대자동차",'대기측정 분석결과서'!$E$4)), IF(B42=$AN$38,$AQ$38, IF(B42=$AN$39,$AQ$39, IF(B42=$AN$40,$AQ$40, IF(B42=$AN$41,$AQ$41, IF(B42=$AN$42,$AQ$42, B42))))), B42) ) | E42: =IF(Y42="","",IF(Y42<10,"0"&Y42,Y42)&" : "&IF(Z42<10,"0"&Z42,Z42)&" ~ "&IF(AA42<10,"0"&AA42,AA42)&" : "&IF(AB42<10,"0"&AB42,AB42)) | I42: =IF(B42="","",IFERROR(VLOOKUP(B42,$AH$34:$AL$47,3,FALSE),"")) | L42: =IF(K42="","",K42) | S42: =IF($B42="이황화메틸","테들러백",IF($B42="VOCs","DNPH","")) | U42: =IF(B42="VOCs-T",1,IF(B42="VOCs-A",1,IF(B42="VOCs",5,IF(M42="","",O42-M42)))) | AC42: =IF(Y42="","",(AA42*60+AB42)-(Y42*60+Z42)) | AH42: 비소화합물 | AJ42: ='먼지측정 사전 Data'!R80*1000/'먼지측정 사전 Data'!R75 -> #DIV/0! | AN42: 비소화합물 | AQ42: 비소화합물
A43: =IF(B43="","", IF(ISNUMBER(SEARCH("현대자동차",'대기측정 분석결과서'!$E$4)), IF(B43=$AN$38,$AQ$38, IF(B43=$AN$39,$AQ$39, IF(B43=$AN$40,$AQ$40, IF(B43=$AN$41,$AQ$41, IF(B43=$AN$42,$AQ$42, B43))))), B43) ) | E43: =IF(Y43="","",IF(Y43<10,"0"&Y43,Y43)&" : "&IF(Z43<10,"0"&Z43,Z43)&" ~ "&IF(AA43<10,"0"&AA43,AA43)&" : "&IF(AB43<10,"0"&AB43,AB43)) | I43: =IF(B43="","",IFERROR(VLOOKUP(B43,$AH$34:$AL$47,3,FALSE),"")) | L43: =IF(K43="","",K43) | S43: =IF($B43="이황화메틸","테들러백",IF($B43="VOCs","DNPH","")) | U43: =IF(B43="VOCs-T",1,IF(B43="VOCs-A",1,IF(B43="VOCs",5,IF(M43="","",O43-M43)))) | AC43: =IF(Y43="","",(AA43*60+AB43)-(Y43*60+Z43)) | AH43: VOCs-T | AJ43: 0.2 | AL43: 1 | AN43: VOCs-T | AQ43: VOCs-T
A44: =IF(B44="","", IF(ISNUMBER(SEARCH("현대자동차",'대기측정 분석결과서'!$E$4)), IF(B44=$AN$38,$AQ$38, IF(B44=$AN$39,$AQ$39, IF(B44=$AN$40,$AQ$40, IF(B44=$AN$41,$AQ$41, IF(B44=$AN$42,$AQ$42, B44))))), B44) ) | E44: =IF(Y44="","",IF(Y44<10,"0"&Y44,Y44)&" : "&IF(Z44<10,"0"&Z44,Z44)&" ~ "&IF(AA44<10,"0"&AA44,AA44)&" : "&IF(AB44<10,"0"&AB44,AB44)) | I44: =IF(B44="","",IFERROR(VLOOKUP(B44,$AH$34:$AL$47,3,FALSE),"")) | L44: =IF(K44="","",K44) | S44: =IF($B44="이황화메틸","테들러백",IF($B44="VOCs","DNPH","")) | U44: =IF(B44="VOCs-T",1,IF(B44="VOCs-A",1,IF(B44="VOCs",5,IF(M44="","",O44-M44)))) | AC44: =IF(Y44="","",(AA44*60+AB44)-(Y44*60+Z44)) | AH44: VOCs-A | AJ44: 0.2 | AL44: 1 | AN44: VOCs-A | AQ44: VOCs-A
AH45: VOCs | AJ45: 1 | AL45: 5 | AN45: VOCs | AQ45: VOCs
AH46: 이황화메틸 | AN46: 이황화메틸 | AQ46: 이황화메틸
AH47: 염소 | AJ47: 1 | AL47: 20 | AN47: 염소 | AQ47: 염소

Sheet 시험일지(계산일지-1)
T1: 시 험 일 지 | AL1: 작성 | AR1: 승인
D4: 분석 물질 | I4: : | J4: 하단 일지 참조 | AY4: 맹호수 | BA4: 박민우 | BC4: 이동협 | BE4: 김흥록 | BG4: 정종원 | BI4: 최병효 | BK4: 정우창 | BM4: 이강혁
D5: 시 험 법 | I5: : | J5: ES 01114.b 배출가스 중 굴뚝 배출 시료채취방법 | AB5: 채 취 일 | AF5: : | AG5: ='대기측정 분석결과서'!Z1 -> 0
D6: 기 기 명 | I6: : | J6: - | AB6: 접 수 일 | AF6: : | AG6: ='먼지측정 사전 Data'!N6 -> 46059
D7: 분 석 자 | I7: : | J7: ='먼지측정 사전 Data'!H4 -> 0 | AB7: 시험기간 | AF7: : | AG7: =AG6 -> 46059 | AY7: 기책 | BA7: 품책 | BE7: 현재분책
AY8: 진수일 | BE8: 이나영 | BI8: 허정민 | BK8: 백희석 | BM8: 신민석
A9: 접수번호
A10: ='먼지측정 사전 Data'!O4 -> 0
A11: A. 수분량 | E11: = | F11: =ROUND(22.4/18*R11*100/(E13*273/(273+L14)*(Q13+W13)/760+22.4/18*AE13),2) -> #DIV/0! | I11: ％ | N11: 22.4 | P11: x | Q11: ( | R11: ='먼지측정 사전 Data'!H50 -> 0 | T11: ) | U11: x 100
A12: Xw | C12: = | N12: 18
D13: ( | E13: ='먼지측정 사전 Data'!H58 -> 0 | G13: ) x | I13: 273 | O13: x | P13: ( | Q13: ='먼지측정 사전 Data'!H20 -> 0 | T13: ) | U13: + | V13: ( | W13: ='먼지측정 사전 Data'!O55 -> 0.87 | Y13: ) | Z13: + | AA13: 22.4 | AC13: x | AD13: ( | AE13: ='먼지측정 사전 Data'!H50 -> 0 | AG13: )
I14: 273 + ( | L14: ='먼지측정 사전 Data'!H53 -> 0 | N14: ) | P14: 760 | AA14: 18
A15: B. 배출가스밀도 = | H15: =ROUND(F16*273/(273+O17)*(U16+AA16)/760,3) -> #DIV/0! | K15: kg/m3 | O15: ro = | Q15: =ROUND('먼지측정 사전 Data'!R17,2) -> #DIV/0!
B16: r | D16: = | E16: ( | F16: =Q15 -> #DIV/0! | H16: ) | I16: x | J16: 273 | S16: x | T16: ( | U16: ='먼지측정 사전 Data'!H20 -> 0 | X16: ) | Y16: + | Z16: ( | AA16: ='먼지측정 사전 Data'!U71 -> #DIV/0! | AD16: )
J17: 273 | M17: + | N17: ( | O17: ='먼지측정 사전 Data'!R69 -> #DIV/0! | R17: ) | T17: 760
A18: C. 배출가스유속 = | H18: =ROUND(F19*SQRT(2*9.81*S19/P20),3) -> #DIV/0! | K18: m/s
B19: V | D19: = | E19: ( | F19: ='먼지측정 사전 Data'!H65 -> 0 | I19: ) | J19: x | M19: 2 | N19: x | O19: 9.81 | Q19: x | R19: ( | S19: ='먼지측정 사전 Data'!R70 -> #DIV/0! | V19: )
O20: ( | P20: =H15 -> #DIV/0! | T20: )
A21: D. 임핀저와 실리카겔에 채취된 물의 총량 = | Q21: =IF(COUNT('먼지측정 사전 Data'!H72)=0,"-",ROUND(F22*(O22/(100-Q23))*18/22.4,2)) -> - | U21: mL
B22: Vic | D22: = | E22: ( | F22: =IF(COUNT('먼지측정 사전 Data'!H72)=0,"-",'먼지측정 사전 Data'!R80*1000) -> - | I22: ) | J22: x | K22: ( | N22: ( | O22: =IF(COUNT('먼지측정 사전 Data'!H72)=0,"-",F11) -> - | R22: ) | U22: ) | V22: x | W22: 18
L23: 100 | O23: - | P23: ( | Q23: =IF(COUNT('먼지측정 사전 Data'!H72)=0,"-",F11) -> - | T23: ) | W23: 22.4
A24: E. 등속흡인계수 계산( I factor) = | M24: =IF(COUNT('먼지측정 사전 Data'!H72)=0,"-",ROUND(F25*(0.00346*N25+S25/X25*(AC25+AH25/13.6))*(1.667*10^4)/(N26*S26*W26*AC26),1)) -> - | Q24: %
B25: I | D25: = | E25: ( | F25: =IF(COUNT('먼지측정 사전 Data'!H72)=0,"-",ROUND(273+'먼지측정 사전 Data'!R69,2)) -> - | I25: ) [ | J25: 0.00346 ( | N25: =IF(COUNT('먼지측정 사전 Data'!H72)=0,"-",Q21) -> - | P25: ) | Q25: + | R25: ( | S25: =IF(COUNT('먼지측정 사전 Data'!H72)=0,"-",'먼지측정 사전 Data'!R80) -> - | V25: ) / ( | X25: =IF(COUNT('먼지측정 사전 Data'!H72)=0,"-",ROUND(273+'먼지측정 사전 Data'!R74,2)) -> - | AA25: ) x (( | AC25: =IF(COUNT('먼지측정 사전 Data'!H72)=0,"-",'먼지측정 사전 Data'!H20) -> - | AF25: ) + ( | AH25: =IF(COUNT('먼지측정 사전 Data'!H72)=0,"-",'먼지측정 사전 Data'!R86) -> - | AK25: ) | AL25: / | AM25: 13.6 | AO25: )] | AP25: x | AQ25: ( 1.667 | AT25: x | AU25: 10⁴ )
M26: ( | N26: =IF(COUNT('먼지측정 사전 Data'!H72)=0,"-",ROUND('먼지측정 사전 Data'!U71+'먼지측정 사전 Data'!H20,2)) -> - | Q26: ) x ( | S26: =IF(COUNT('먼지측정 사전 Data'!H72)=0,"-",'먼지측정 사전 Data'!R75) -> - | U26: ) x ( | W26: =IF(COUNT('먼지측정 사전 Data'!H72)=0,"-",'먼지측정 사전 Data'!R82) -> - | AA26: ) x ( | AC26: =IF(COUNT('먼지측정 사전 Data'!H72)=0,"-",'먼지측정 사전 Data'!U84) -> - | AF26: )
B28: < 농도 계산 >
A29: A. 수분량(%) | I29: 22.4 | K29: x | L29: ma | N29: x | O29: 100 | W29: B. 배출가스밀도(kg/m3) | AL29: C. 배출가스유속(m/s)
B30: Xw | D30: = | I30: 18 | X30: r | Y30: = | Z30: ro | AA30: x | AB30: 273 | AF30: x | AG30: Pa + P's | AM30: V | AN30: = | AO30: C | AQ30: ( | AR30: 2gh | AT30: )
E31: Vm | G31: x | H31: 273 | K31: x | L31: Pa + pm | P31: + | Q31: 22.4 | S31: x | T31: ma | AB31: 273+θs | AG31: 760 | AR31: r
H32: 273+θm | L32: 760 | Q32: 18
A33: D. 임핀저와 실리카겔에 채취된 물의 총량(mL) | T33: E. 등속흡인계수 계산( I factor %)
B34: Vic | D34: = | E34: Vs | G34: x ( | I34: Xw | M34: ) x | O34: 18 | U34: I | W34: = | X34: Ts [0.00346Vic + V'm/Tm(Pa+ΔH/13.6)] | AM34: x | AN34: ( | AO34: 1.667 x 104 | AT34: )
I35: 100-Xw | O35: 22.4 | X35: Ps x t x v x An
A37: Xw : | C37: 습배기가스중의 수증기 부피 백분율(%) | R37: ma : | T37: 흡습수분의 질량(ma2-ma1)(g) | AF37: Vm : | AH37: 흡인한 건조량(건식가스미터에서 읽은 값)(L)
A38: θm : | C38: 가스미터에서의 흡인가스온도(℃) | P38: Pa : | R38: 측정공 위치의 대기압(mmHg) | AD38: Pm : | AF38: 가스미터에서의 가스의 게이지압(mmHg)
A40: ro : | C40: 표준상태로 환산한 습한 배출가스 밀도(kg/Sm3) | U40: Pa : | W40: 대기압(mmHg) | AD40: P's : | AF40: 각 측정점에서 배출가스 정압의 평균치(mmHg)
A41: θs : | C41: 각 측정점에서 배출가스 온도의 평균치(℃)
A43: C : | C43: 피토우관 계수 | I43: g : | K43: 중력 가속도(9.81m/s2) | T43: h : | V43: 피토우관에 의한 동압 평균치(mmH2O) | AJ43: r : | AL43: 굴뚝내의습한배출가스밀도(kg/m3)
A45: Vic : | C45: 임핀저와 실리카겔에 채취된 물의 총량(mL) | R45: Vs : | T45: 건식가스미터에서 읽은 가스시료 채취량(L)
A46: Xw : | C46: 습배기가스중의 수증기 부피 백분율(%)
A48: Ts : | C48: 배출가스 평균 절대온도(K : 273+θs(℃)) | Q48: Vic : | S48: 임핀저와 실리카겔에 채취된 물의 총량(mL) | AH48: An : | AJ48: 노즐의 단면적(cm2)
A49: V'm : | C49: 건식가스미터에서 읽은 가스시료 채취량(m3) | S49: Tm : | U49: 건식가스미터의 평균 절대온도(K : 273 + θm(℃)) | AL49: ΔH : | AN49: 오리피스 압차(mmH2O)
A50: Pa : | C50: 측정공 위치의대기압(mmHg) | M50: Ps : | O50: 배출가스압력(mmHg : Pa+P's) | Z50: t : | AA50: 총시료 채취시간(min) | AI50: v : | AJ50: 배출가스 평균유속(m/s)

Sheet 시험일지(계산일지-1 포화)
T1: 시 험 일 지 | AL1: 작성 | AR1: 승인
D4: 분석 물질 | I4: : | J4: 하단 일지 참조
D5: 시 험 법 | I5: : | J5: ES 01114.b 배출가스 중 굴뚝 배출 시료채취방법 | AB5: 채 취 일 | AF5: : | AG5: ='시험일지(계산일지-1)'!AG5:AK5 -> 0
D6: 기 기 명 | I6: : | J6: - | AB6: 접 수 일 | AF6: : | AG6: ='시험일지(계산일지-1)'!AG6:AK6 -> 46059
D7: 분 석 자 | I7: : | J7: ='시험일지(계산일지-1)'!J7 -> 0 | AB7: 시험기간 | AF7: : | AG7: =AG6 -> 46059
A9: 접수번호
A10: ='먼지측정 사전 Data'!O4 -> 0
A11: A. 수분량 | E11: = | F11: =ROUND((G12/(E13+J13))*100,2) -> #DIV/0! | I11: ％
A12: Xw | C12: = | F12: ( | G12: ='포화수증기압 표 '!E4 -> #DIV/0! | J12: ) | N12: x | O12: 100
D13: ( | E13: ='먼지측정 사전 Data'!H20 -> 0 | H13: ) + ( | J13: ='먼지측정 사전 Data'!U71 -> #DIV/0! | M13: )
A14: B. 배출가스밀도 = | H14: =ROUND(F15*273/(273+O16)*(U15+AA15)/760,3) -> #DIV/0! | K14: kg/m3 | O14: ro = | Q14: =ROUND('먼지측정 사전 Data'!R17,2) -> #DIV/0!
B15: r | D15: = | E15: ( | F15: =Q14 -> #DIV/0! | H15: ) | I15: x | J15: 273 | S15: x | T15: ( | U15: ='먼지측정 사전 Data'!H20 -> 0 | X15: ) | Y15: + | Z15: ( | AA15: ='먼지측정 사전 Data'!U71 -> #DIV/0! | AD15: )
J16: 273 | M16: + | N16: ( | O16: ='먼지측정 사전 Data'!R69 -> #DIV/0! | R16: ) | T16: 760
A17: C. 배출가스유속 = | H17: =ROUND(F18*SQRT(2*9.81*S18/P19),3) -> #DIV/0! | K17: m/s
B18: V | D18: = | E18: ( | F18: ='먼지측정 사전 Data'!H65 -> 0 | I18: ) | J18: x | M18: 2 | N18: x | O18: 9.81 | Q18: x | R18: ( | S18: ='먼지측정 사전 Data'!R70 -> #DIV/0! | V18: )
O19: ( | P19: =H14 -> #DIV/0! | T19: )
A20: D. 임핀저와 실리카겔에 채취된 물의 총량 = | Q20: =IF(COUNT('먼지측정 사전 Data'!H72)=0,"",ROUND(F21*(O21/(100-Q22))*18/22.4,2)) | U20: mL
B21: Vic | D21: = | E21: ( | F21: =IF(COUNT('먼지측정 사전 Data'!H72)=0,"-",'먼지측정 사전 Data'!R80*1000) -> - | I21: ) | J21: x | K21: ( | N21: ( | O21: =IF(COUNT('먼지측정 사전 Data'!H72)=0,"-",F11) -> - | R21: ) | U21: ) | V21: x | W21: 18
L22: 100 | O22: - | P22: ( | Q22: =IF(COUNT('먼지측정 사전 Data'!H72)=0,"-",F11) -> - | T22: ) | W22: 22.4
A23: E. 등속흡인계수 계산( I factor) = | M23: =IF(COUNT('먼지측정 사전 Data'!H72)=0,"",ROUND(F24*(0.00346*N24+S24/X24*(AC24+AH24/13.6))*(1.667*10^4)/(N25*S25*W25*AC25),1)) | Q23: %
B24: I | D24: = | E24: ( | F24: =IF(COUNT('먼지측정 사전 Data'!H72)=0,"-",ROUND(273+'먼지측정 사전 Data'!R69,2)) -> - | I24: ) [ | J24: 0.00346 ( | N24: =IF(COUNT('먼지측정 사전 Data'!H72)=0,"-",Q20) -> - | P24: ) | Q24: + | R24: ( | S24: =IF(COUNT('먼지측정 사전 Data'!H72)=0,"-",'먼지측정 사전 Data'!R80) -> - | V24: ) / ( | X24: =IF(COUNT('먼지측정 사전 Data'!H72)=0,"-",ROUND(273+'먼지측정 사전 Data'!R74,2)) -> - | AA24: ) x (( | AC24: =IF(COUNT('먼지측정 사전 Data'!H72)=0,"-",'먼지측정 사전 Data'!H20) -> - | AF24: ) + ( | AH24: =IF(COUNT('먼지측정 사전 Data'!H72)=0,"-",'먼지측정 사전 Data'!R86) -> - | AK24: ) | AL24: / | AM24: 13.6 | AO24: )] | AP24: x | AQ24: ( 1.667 | AT24: x | AU24: 10⁴ )
M25: ( | N25: =IF(COUNT('먼지측정 사전 Data'!H72)=0,"-",ROUND('먼지측정 사전 Data'!U71+'먼지측정 사전 Data'!H20,2)) -> - | Q25: ) x ( | S25: =IF(COUNT('먼지측정 사전 Data'!H72)=0,"-",'먼지측정 사전 Data'!R75) -> - | U25: ) x ( | W25: =IF(COUNT('먼지측정 사전 Data'!H72)=0,"-",'먼지측정 사전 Data'!R82) -> - | AA25: ) x ( | AC25: =IF(COUNT('먼지측정 사전 Data'!H72)=0,"-",'먼지측정 사전 Data'!U84) -> - | AF25: )
B27: < 농도 계산 >
A28: A. 수분량(%) | M28: B. 배출가스밀도(kg/m3) | AB28: C. 배출가스유속(m/s)
B29: Xw | D29: = | E29: Pυ | I29: x | J29: 100 | N29: r | O29: = | P29: ro | Q29: x | R29: 273 | V29: x | W29: Pa + P's | AC29: V | AD29: = | AE29: C | AG29: ( | AH29: 2gh | AJ29: )
E30: Pa + P's | R30: 273+θs | W30: 760 | AH30: r
A31: D. 임핀저와 실리카겔에 채취된 물의 총량(mL) | T31: E. 등속흡인계수 계산( I factor %)
B32: Vic | D32: = | E32: Vs | G32: x ( | I32: Xw | M32: ) x | O32: 18 | U32: I | W32: = | X32: Ts [0.00346Vic + V'm/Tm(Pa+ΔH/13.6)] | AM32: x | AN32: ( | AO32: 1.667 x 104 | AT32: )
I33: 100-Xw | O33: 22.4 | X33: Ps x t x v x An
A35: Xw : | C35: 습배기가스중의 수증기 부피 백분율(%) | Q35: Pυ : | S35: 배출가스 온도에 따른 포화수증기압(mmHg) | AH35: Pa : | AJ35: 측정공 위치의 대기압(mmHg)
A36: P's : | C36: 각 측정점에서 배출가스 정압의 평균치(mmHg)
A38: ro : | C38: 표준상태로 환산한 습한 배출가스 밀도(kg/Sm3) | T38: θs : | V38: 각 측정점에서 배출가스 온도의 평균치(℃) | AK38: Pa : | AM38: 측정공 위치의 대기압(mmHg)
A39: P's : | C39: 각 측정점에서 배출가스 정압의 평균치(mmHg)
A41: V : | C41: 배출가스 평균유속(m/s) | L41: C : | M41: 피토우관 계수 | R41: g : | S41: 중력 가속도(9.81m/s2) | AA41: h : | AB41: 피토우관에 의한 동압 평균치(mmH2O)
A42: r : | C42: 굴뚝내의습한배출가스밀도(kg/m3)
A44: Vic : | C44: 임핀저와 실리카겔에 채취된 물의 총량(mL) | R44: Vs : | T44: 건식가스미터에서읽은가스시료채취량(L) | AH44: Xw : | AJ44: 습배기가스중의 수증기 부피 백분율(%)
A46: Ts : | C46: 배출가스평균절대온도(K : 273+θs(℃)) | P46: Vic : | R46: 임핀저와실리카겔에채취된물의총량(mL) | AF46: V'm : | AH46: 건식가스미터에서읽은가스시료채취량(m3)
A47: Tm : | C47: 건식가스미터의평균절대온도(K : 273+θm(℃)) | S47: Pa : | U47: 측정공 위치의 대기압(mmHg) | AF47: ΔH : | AH47: 오리피스 압차(mmH2O)
A48: Ps : | C48: 배출가스 압력(mmHg : Pa+P's) | N48: t : | P48: 총시료 채취시간(min) | X48: v : | Z48: 배출가스평균유속(m/s) | AH48: An : | AJ48: 노즐의 단면적(cm2)

Sheet 시험일지(계산일지-2)
T1: 시 험 일 지 | AL1: 작성 | AR1: 승인
D4: 분석 물질 | I4: : | J4: 하단 일지 참조
D5: 시 험 법 | I5: : | J5: ES 01114.b 배출가스 중 굴뚝 배출 시료채취방법 | AB5: 채 취 일 | AF5: : | AG5: ='시험일지(계산일지-1)'!AG5:AK5 -> 0
D6: 기 기 명 | I6: : | J6: - | AB6: 접 수 일 | AF6: : | AG6: ='시험일지(계산일지-1)'!AG6:AK6 -> 46059
D7: 분 석 자 | I7: : | J7: ='시험일지(계산일지-1)'!J7 -> 0 | AB7: 시험기간 | AF7: : | AG7: =AG6 -> 46059
A9: 접수번호
A10: ='시험일지(계산일지-1)'!A10:K10 -> 0
A11: A. 배출가스량 계산 = | I11: =ROUND(F12*L12*273/(273+T13)*(Z12+AE12)/760*(1-AM12/100)*3600,1) -> #DIV/0! | N11: Sm³/h, | Q11: ( | R11: =ROUND(I11/60,1) -> #DIV/0! | V11: Sm³/min, | Z11: )
B12: Qa | D12: = | E12: ( | F12: ='시험일지(계산일지-1)'!H18 -> #DIV/0! | J12: ) x ( | L12: ='먼지측정 사전 Data'!K31 -> 0 | O12: ) | P12: x | Q12: 273 | X12: x | Y12: ( | Z12: ='먼지측정 사전 Data'!H20 -> 0 | AC12: ) + ( | AE12: ='먼지측정 사전 Data'!U71 -> #DIV/0! | AH12: ) | AI12: x | AJ12: ( 1 - | AL12: ( | AM12: =IF('먼지측정 사전 Data'!Q60=0,'시험일지(계산일지-1)'!F11,'시험일지(계산일지-1 포화)'!F11) -> #DIV/0! | AP12: ) | AQ12: ) | AR12: x | AS12: 3600
Q13: 273 + ( | T13: ='먼지측정 사전 Data'!R69 -> #DIV/0! | W13: ) | Y13: 760 | AL13: 100
A14: B. 먼지농도 계산 = | I14: =IF(COUNT('먼지측정 사전 Data'!H72)=0,"-",IF(OR('먼지측정 사전 Data'!C95="", '먼지측정 사전 Data'!C95=0),"-",ROUND(N15/(F16*273/(273+N17)*(U16+AA16/13.6)/760),1))) -> - | N14: mg/Sm³
B15: Ca | D15: = | M15: ( | N15: =IF(COUNT('먼지측정 사전 Data'!H72)=0,"-",IF(OR('먼지측정 사전 Data'!C95="", '먼지측정 사전 Data'!C95=0),"-",'먼지측정 사전 Data'!H99*1000)) -> - | Y15: ) | AI15: md | AK15: = | AL15: =IFERROR('먼지측정 사전 Data'!H99,"")
E16: ( | F16: =IF(COUNT('먼지측정 사전 Data'!H72)=0,"-",IF('먼지측정 사전 Data'!C95=0,"-",'먼지측정 사전 Data'!R80)) -> - | I16: ) x | K16: 273 | S16: x | T16: ( | U16: =IF(COUNT('먼지측정 사전 Data'!H72)=0,"-",IF('먼지측정 사전 Data'!C95=0,"-",'먼지측정 사전 Data'!M9)) -> - | Y16: ) + ( | AA16: =IF(COUNT('먼지측정 사전 Data'!H72)=0,"-",IF('먼지측정 사전 Data'!C95=0,"-",'먼지측정 사전 Data'!R86)) -> - | AE16: ) / 13.6 | AI16: mda | AK16: = | AL16: =IFERROR('먼지측정 사전 Data'!H95,"")
K17: 273 + ( | N17: =IF(COUNT('먼지측정 사전 Data'!H72)=0,"-",IF('먼지측정 사전 Data'!C95=0,"-",'먼지측정 사전 Data'!R74)) -> - | R17: ) | T17: 760 | AI17: mdb | AK17: = | AL17: =IFERROR('먼지측정 사전 Data'!H97,"")
A18: C. 먼지농도 = | G18: =IF(COUNT('먼지측정 사전 Data'!H72)=0,"-",IF('먼지측정 사전 Data'!R13=20.9,'시험일지(계산일지-2)'!F19,F19*((21-O19)/(21-O20)))) -> - | L18: mg/Sm³
B19: C | D19: = | E19: ( | F19: =I14 -> - | J19: ) x | L19: 21 - ( | O19: =IF('대기측정 분석결과서'!J23=1,"-",IF('먼지측정 사전 Data'!R13=20.9,"-",'먼지측정 사전 Data'!R13)) -> - | R19: )
L20: 21 - ( | O20: =IF('대기측정 분석결과서'!J23=1,"-",IF('먼지측정 사전 Data'!R13=20.9,"-",'먼지측정 사전 Data'!H14)) -> - | R20: )
A21: D. 배출가스유량 = | H21: =IF('먼지측정 사전 Data'!R13=20.9,F22,ROUND(F22/((21-O22)/(21-O23)),1)) -> #DIV/0! | M21: Sm³/hr, ( | Q21: =ROUND(H21/60,1) -> #DIV/0! | T21: Sm³/min)
B22: Q | D22: = | E22: ( | F22: =I11 -> #DIV/0! | J22: ) / | L22: 21 - ( | O22: =IF('먼지측정 사전 Data'!R13=20.9,"-",'먼지측정 사전 Data'!R13) -> - | R22: )
L23: 21 - ( | O23: =IF('먼지측정 사전 Data'!R13=20.9,"-",'먼지측정 사전 Data'!H14) -> - | R23: )
B25: < 농도 계산 >
A26: A. 배출가스량 계산(Sm³/h) | AE26: B. 먼지농도 계산(mg/Sm³) | AO26: *md = mda-mdb
B27: Qa | D27: = | E27: V | F27: x | G27: A | H27: x | I27: 273 | N27: x | O27: Pa + P's | T27: x | U27: ( | V27: 1 | W27: - | X27: Xw | Z27: ) | AA27: x | AB27: 3600 | AF27: Ca | AH27: = | AI27: md
I28: 273 + | L28: θs | O28: 273 | X28: 100 | AI28: V'm | AK28: x | AL28: 273 | AP28: x | AQ28: Pa + ΔH / 13.6
AL29: 273 + θm | AQ29: 760
A30: C. 먼지농도 | N30: D. 배출가스유량
B31: C | D31: = | E31: Ca | G31: x | H31: 21 - Os | O31: Q | Q31: = | R31: Qa | T31: / | U31: 21 - Os
H32: 21 - Oa | U32: 21 - Oa | BA32: Pa +P's | BC32: P's
BA33: 760
A34: Qa : | C34: 실측배출가스유량(Sm3/h) | L34: V : | N34: 배출가스 평균유속(m/s) | X34: A : | Z34: 굴뚝 단면적(m2) | AG34: θs : | AI34: 배출가스 평균온도(℃)
A35: Pa : | C35: 대기압(mmHg) | J35: P's : | L35: 배출가스 평균정압(mmHg) | X35: Xw : | Z35: 배출가스 중의 수분량(%)
A37: Ca : | C37: 실측오염물질농도(mg/Sm3 또는 ppm) | Q37: V'm : | S37: 건식가스미터에서 읽은 가스시료 채취량(m3) | AI37: θm : | AK37: 건식가스미터의 평균온도(℃)
A38: Pa : | C38: 측정공 위치의 대기압(mmHg) | Q38: ΔH : | S38: 오리피스 압차(mmH2O)
A40: md : | C40: 포집된 먼지량 - 바탕여지의 무게차(mg) | Q40: mda : | T40: 포집된 먼지량(mg) | AA40: mdb : | AD40: 바탕여지의 무게차(mg)
A41: Oa : | C41: 실측산소농도(%) | I41: Os : | K41: 표준산소농도(%)

Sheet 옵티마 시험일지
A1: 가스상 물질 자동측정 시험일지 | J1: 작성 | L1: 승인
A3: 지점명 | B3: : | C3: ='대기측정 분석결과서'!E4 -> 0 | F3: 채 취 일 | H3: : | I3: ='먼지측정 사전 Data'!N5 -> 0
C4: ='대기측정 분석결과서'!E9&" "&'대기측정 분석결과서'!H13
A5: 분석물질 | B5: : | C5: =CONCATENATE(C10," ",C11," ",C12," ",C13," ",C14) -> O2 CO2 | F5: 접 수 일 | H5: : | I5: ='먼지측정 사전 Data'!N6 -> 46059
A6: 시험법 | B6: : | C6: 자동연속측정법 | F6: 분 석 자 | H6: : | I6: ='먼지측정 사전 Data'!H4&IF('먼지측정 사전 Data'!K4="","",", "&'먼지측정 사전 Data'!K4)
A7: 기기명 | B7: : | C7: Optima 7 | F7: 접수번호 | H7: : | I7: ="KGAR-"&RIGHT(YEAR('먼지측정 사전 Data'!N6),2)&"-"&LEFT('한종_시료채취기록지 (사용X)'!V2,6)&"-"&RIGHT('한종_시료채취기록지 (사용X)'!V2,2) -> KGAR-26-0-0
A9: 측정결과 | B9: : | C9: 항 목 | G9: 평균 결과값
C10: O2 | F10: : | G10: ='먼지측정 사전 Data'!H14 -> 0 | L10: %
C11: CO2 | F11: : | G11: ='먼지측정 사전 Data'!H16 -> 0 | L11: %
C12: =IF('먼지측정 사전 Data'!H21="",IF('먼지측정 사전 Data'!H22="",IF('먼지측정 사전 Data'!Q22="","","CO"),"SOx"),"NOx") | F12: =IF(C12="","",":") | G12: =IF(C12="NOx",'먼지측정 사전 Data'!M21,IF(C12="SOx",'먼지측정 사전 Data'!M22,IF(C12="CO",'먼지측정 사전 Data'!V22,IF(C12="","","없다찾아봐")))) | I12: =IF(OR(C12="",'먼지측정 사전 Data'!$R$13=20.9),"","("&'먼지측정 사전 Data'!$R$13&")") | L12: =IF(C12="","","ppm")
C13: =IF('먼지측정 사전 Data'!H22="",IF('먼지측정 사전 Data'!Q22="","",IF(C12="CO","","CO")),IF(C12="SOx","","SOx")) | F13: =IF(C13="","",":") | G13: =IF(C13="NOx",'먼지측정 사전 Data'!M21,IF(C13="SOx",'먼지측정 사전 Data'!M22,IF(C13="CO",'먼지측정 사전 Data'!V22,IF(C13="","","없다찾아봐")))) | I13: =IF(OR(C13="",'먼지측정 사전 Data'!$R$13=20.9),"","("&'먼지측정 사전 Data'!$R$13&")") | L13: =IF(C13="","","ppm")
C14: =IF('먼지측정 사전 Data'!Q22="","",IF(OR(C12="CO",C13="CO"),"","CO")) | F14: =IF(C14="","",":") | G14: =IF(C14="NOx",'먼지측정 사전 Data'!M21,IF(C14="SOx",'먼지측정 사전 Data'!M22,IF(C14="CO",'먼지측정 사전 Data'!V22,IF(C14="","","없다찾아봐")))) | I14: =IF(OR(C14="",'먼지측정 사전 Data'!$R$13=20.9),"","("&'먼지측정 사전 Data'!$R$13&")") | L14: =IF(C14="","","ppm")
A16: ※ 관련기준 : 대기오염공정시험기준. 측정 분석값의 ( )는 표준산소농도를 말함

Sheet 한종_측정기록부 (사용X)
A1: [별지 제21호서식]
A2: 대 기 측 정 기 록 부
A3: ①의뢰인 | B3: 상 호 (기관명) | F3: ='대기측정 분석결과서'!E4 -> 0 | L3: ② 일 반 현 황 | M3: 시 설 별 | P3: ='대기측정 분석결과서'!E9 -> 0 | V3: 기술인력
B4: 소 재 지 (주 소) | F4: ='대기측정 분석결과서'!E5 -> 0 | M4: 배출구 종별 | P4: ='대기측정 분석결과서'!E11 -> 0 | S4: 종 | V4: 맹호수 | X4: 박민우 | Z4: 이동협 | AB4: 정우창 | AD4: 신민석 | AF4: 강민수 | AH4: 정종원 | AJ4: 김흥록 | AK4: 강원석
B5: 대 표 자 (의뢰인) | F5: ='대기측정 분석결과서'!E6 -> 0 | M5: 주생산품 | P5: ='대기측정 분석결과서'!L9 -> 자동차
B6: 환 경 기 술 인 | F6: ='대기측정 분석결과서'!E7 -> 여 형 석
A7: ③의뢰내용 | B7: 측 정 용 도 | F7: ="자가 측정용" -> 자가 측정용 | V7: 품책 | X7: 대기기책 | AB7: 현재분책
B8: 대 상 의 명 칭 ( 측 정 지 점 ) | F8: ='대기측정 분석결과서'!H13&", "&'대기측정 분석결과서'!L10&" "&"(KGAR-"&RIGHT(YEAR('먼지측정 사전 Data'!N6),2)&"-"&'먼지측정 사전 Data'!O4&")" -> , (KGAR-26-) | V8: 진수일 | X8: 이나영 | AB8: 이나영 | AF8: 김태우 | AH8: 백희석 | AJ8: 김인현
B10: 의 뢰 항 목 | F10: ='대기측정 분석결과서'!U11 -> THC (총 1 항목)
V11: *분석책임자 -> 기술책임자
A12: ④시료채취 | B12: 현 장 기 상 | F12: 기 온 | I12: 습 도 | L12: 기 압 | O12: 풍 향 | R12: 풍 속 | V12: *측정기록부의 기술책임자란에는 분석책임자와 동일인물이 서명할 수 없으므로 품질책임자 서명이 들어감
F13: ='대기측정 분석결과서'!I17 -> 0 | H13: ℃ | I13: ='대기측정 분석결과서'!M17 -> 0 | K13: ％ | L13: ='대기측정 분석결과서'!Q17 -> 0 | N13: mmHg | O13: ='대기측정 분석결과서'!V17 -> 0 | Q13: 풍 | R13: ='대기측정 분석결과서'!AA17 -> 0 | T13: m/s | V13: 항목나열순서
B14: 배 출 가 스 | F14: 배 출 가 스 유 량 | K14: 산 소 농 도 | Q14: 기 상
F15: ='시험일지(계산일지-2)'!Q21 -> #DIV/0! | I15: S㎥/분 | K15: ='먼지측정 사전 Data'!H14 -> 0 | P15: ％ | Q15: ='대기측정 분석결과서'!E17 -> 0 | AQ15: 1. | AR15: 암모니아
F16: 배출가스유속 | J16: 배출가스온도 | N16: 수분량 | Q16: 배출구직경
F17: ='시험일지(계산일지-1)'!H18 -> #DIV/0! | I17: m/s | J17: ='먼지측정 사전 Data'!R69 -> #DIV/0! | M17: ℃ | N17: =IF('먼지측정 사전 Data'!Q60=0,'시험일지(계산일지-1)'!F11,'시험일지(계산일지-1 포화)'!F11) -> #DIV/0! | P17: % | Q17: ='한종_시료채취기록지 (사용X)'!E8 -> #VALUE! | T17: m
B18: 채 취 자 의 견 | F18: 보정 전 유량(S㎥/분) : | J18: =ROUND('시험일지(계산일지-2)'!I11/60,1) -> #DIV/0! | AG18: 외 1명 복붙
B19: 채 취 일 시 | G19: ='먼지측정 사전 Data'!N5 -> 0 | L19: 시 료 채 취 자 | O19: ='대기측정 분석결과서'!U7 -> 0 | Q19: (인), | R19: ='대기측정 분석결과서'!X7&" (인)" -> 0 (인) | AG19: 외 1명 (인)
A20: ⑤측정분석결과 | B20: 측 정 항 목 | F20: 관련 기준 | I20: 측정분석값 | L20: 측정시간 (환경질에 한함) | O20: 측정분석방법 (기기명) | S20: 비고
B22: 염화수소 | F22: 4 | H22: =IF(B22="","",INDEX('대기측정 분석결과서'!$AH$23:$AH$72,MATCH(B22,측정항목,0))) -> ppm | I22: =IF(B22="","",IF(INDEX('대기측정 분석결과서'!$F$23:$I$72,MATCH(B22,측정항목,0),1)="","값없음",IF(ISERROR(FIXED(IF(INDEX('대기측정 분석결과서'!$F$23:$I$72,MATCH(B22,측정항목,0),1)<INDEX('대기측정 분석결과서'!$AG$23:$AG$72,MATCH(B22,측정항목,0),1),"불검출",INDEX('대기측정 분석결과서'!$F$23:$I$72,MATCH(B22,측정항목,0),1)),INDEX('대기측정 분석결과서'!$AI$23:$AI$72,MATCH(B22,측정항목,0)))),"불검출",FIXED(INDEX('대기측정 분석결과서'!$F$23:$I$72,MATCH(B22,측정항목,0),1),INDEX('대기측정 분석결과서'!$AI$23:$AI$72,MATCH(B22,항목,0)))))) -> 값없음 | O22: =IF(B22="","",INDEX('대기측정 분석결과서'!$Z$23:$Z$72,MATCH(B22,측정항목,0))) -> ES 01305.2d | S22: =IF(B22="","",INDEX('대기측정 분석결과서'!$M$23:$M$72,MATCH(B22,항목,0))) -> 자외선가시선분광법-싸이오사이안산제이수은법
B23: 비소 | F23: 2 | H23: =IF(B23="","",INDEX('대기측정 분석결과서'!$AH$23:$AH$72,MATCH(B23,측정항목,0))) -> ppm | I23: =IF(B23="","",IF(INDEX('대기측정 분석결과서'!$F$23:$I$72,MATCH(B23,측정항목,0),1)="","값없음",IF(ISERROR(FIXED(IF(INDEX('대기측정 분석결과서'!$F$23:$I$72,MATCH(B23,측정항목,0),1)<INDEX('대기측정 분석결과서'!$AG$23:$AG$72,MATCH(B23,측정항목,0),1),"불검출",INDEX('대기측정 분석결과서'!$F$23:$I$72,MATCH(B23,측정항목,0),1)),INDEX('대기측정 분석결과서'!$AI$23:$AI$72,MATCH(B23,측정항목,0)))),"불검출",FIXED(INDEX('대기측정 분석결과서'!$F$23:$I$72,MATCH(B23,측정항목,0),1),INDEX('대기측정 분석결과서'!$AI$23:$AI$72,MATCH(B23,항목,0)))))) -> 값없음 | O23: =IF(B23="","",INDEX('대기측정 분석결과서'!$Z$23:$Z$72,MATCH(B23,측정항목,0))) -> ES 01401.3e | S23: =IF(B23="","",INDEX('대기측정 분석결과서'!$M$23:$M$72,MATCH(B23,항목,0))) -> 유도결합플라스마 분광법
B24: 사이안화수소 | F24: =IF(B24="","","??") -> ?? | H24: =IF(B24="","",INDEX('대기측정 분석결과서'!$AH$23:$AH$72,MATCH(B24,측정항목,0))) -> ppm | I24: =IF(B24="","",IF(INDEX('대기측정 분석결과서'!$F$23:$I$72,MATCH(B24,측정항목,0),1)="","값없음",IF(ISERROR(FIXED(IF(INDEX('대기측정 분석결과서'!$F$23:$I$72,MATCH(B24,측정항목,0),1)<INDEX('대기측정 분석결과서'!$AG$23:$AG$72,MATCH(B24,측정항목,0),1),"불검출",INDEX('대기측정 분석결과서'!$F$23:$I$72,MATCH(B24,측정항목,0),1)),INDEX('대기측정 분석결과서'!$AI$23:$AI$72,MATCH(B24,측정항목,0)))),"불검출",FIXED(INDEX('대기측정 분석결과서'!$F$23:$I$72,MATCH(B24,측정항목,0),1),INDEX('대기측정 분석결과서'!$AI$23:$AI$72,MATCH(B24,항목,0)))))) -> 값없음 | O24: =IF(B24="","",INDEX('대기측정 분석결과서'!$Z$23:$Z$72,MATCH(B24,측정항목,0))) -> ES 01312.1e | S24: =IF(B24="","",INDEX('대기측정 분석결과서'!$M$23:$M$72,MATCH(B24,항목,0))) -> 자외선/가시선분광법- 4-피리딘카복실산-피라졸론법
F25: =IF(B25="","","??") | H25: =IF(B25="","",INDEX('대기측정 분석결과서'!$AH$23:$AH$72,MATCH(B25,측정항목,0))) | I25: =IF(B25="","",IF(INDEX('대기측정 분석결과서'!$F$23:$I$72,MATCH(B25,측정항목,0),1)="","값없음",IF(ISERROR(FIXED(IF(INDEX('대기측정 분석결과서'!$F$23:$I$72,MATCH(B25,측정항목,0),1)<INDEX('대기측정 분석결과서'!$AG$23:$AG$72,MATCH(B25,측정항목,0),1),"불검출",INDEX('대기측정 분석결과서'!$F$23:$I$72,MATCH(B25,측정항목,0),1)),INDEX('대기측정 분석결과서'!$AI$23:$AI$72,MATCH(B25,측정항목,0)))),"불검출",FIXED(INDEX('대기측정 분석결과서'!$F$23:$I$72,MATCH(B25,측정항목,0),1),INDEX('대기측정 분석결과서'!$AI$23:$AI$72,MATCH(B25,항목,0)))))) | O25: =IF(B25="","",INDEX('대기측정 분석결과서'!$Z$23:$Z$72,MATCH(B25,측정항목,0))) | S25: =IF(B25="","",INDEX('대기측정 분석결과서'!$M$23:$M$72,MATCH(B25,항목,0)))
F26: =IF(B26="","","??") | H26: =IF(B26="","",INDEX('대기측정 분석결과서'!$AH$23:$AH$72,MATCH(B26,측정항목,0))) | I26: =IF(B26="","",IF(INDEX('대기측정 분석결과서'!$F$23:$I$72,MATCH(B26,측정항목,0),1)="","값없음",IF(ISERROR(FIXED(IF(INDEX('대기측정 분석결과서'!$F$23:$I$72,MATCH(B26,측정항목,0),1)<INDEX('대기측정 분석결과서'!$AG$23:$AG$72,MATCH(B26,측정항목,0),1),"불검출",INDEX('대기측정 분석결과서'!$F$23:$I$72,MATCH(B26,측정항목,0),1)),INDEX('대기측정 분석결과서'!$AI$23:$AI$72,MATCH(B26,측정항목,0)))),"불검출",FIXED(INDEX('대기측정 분석결과서'!$F$23:$I$72,MATCH(B26,측정항목,0),1),INDEX('대기측정 분석결과서'!$AI$23:$AI$72,MATCH(B26,항목,0)))))) | O26: =IF(B26="","",INDEX('대기측정 분석결과서'!$Z$23:$Z$72,MATCH(B26,측정항목,0))) | S26: =IF(B26="","",INDEX('대기측정 분석결과서'!$M$23:$M$72,MATCH(B26,항목,0)))
F27: =IF(B27="","","??") | H27: =IF(B27="","",INDEX('대기측정 분석결과서'!$AH$23:$AH$72,MATCH(B27,측정항목,0))) | I27: =IF(B27="","",IF(INDEX('대기측정 분석결과서'!$F$23:$I$72,MATCH(B27,측정항목,0),1)="","값없음",IF(ISERROR(FIXED(IF(INDEX('대기측정 분석결과서'!$F$23:$I$72,MATCH(B27,측정항목,0),1)<INDEX('대기측정 분석결과서'!$AG$23:$AG$72,MATCH(B27,측정항목,0),1),"불검출",INDEX('대기측정 분석결과서'!$F$23:$I$72,MATCH(B27,측정항목,0),1)),INDEX('대기측정 분석결과서'!$AI$23:$AI$72,MATCH(B27,측정항목,0)))),"불검출",FIXED(INDEX('대기측정 분석결과서'!$F$23:$I$72,MATCH(B27,측정항목,0),1),INDEX('대기측정 분석결과서'!$AI$23:$AI$72,MATCH(B27,항목,0)))))) | O27: =IF(B27="","",INDEX('대기측정 분석결과서'!$Z$23:$Z$72,MATCH(B27,측정항목,0))) | S27: =IF(B27="","",INDEX('대기측정 분석결과서'!$M$23:$M$72,MATCH(B27,항목,0)))
F28: =IF(B28="","","??") | H28: =IF(B28="","",INDEX('대기측정 분석결과서'!$AH$23:$AH$72,MATCH(B28,측정항목,0))) | I28: =IF(B28="","",IF(INDEX('대기측정 분석결과서'!$F$23:$I$72,MATCH(B28,측정항목,0),1)="","값없음",IF(ISERROR(FIXED(IF(INDEX('대기측정 분석결과서'!$F$23:$I$72,MATCH(B28,측정항목,0),1)<INDEX('대기측정 분석결과서'!$AG$23:$AG$72,MATCH(B28,측정항목,0),1),"불검출",INDEX('대기측정 분석결과서'!$F$23:$I$72,MATCH(B28,측정항목,0),1)),INDEX('대기측정 분석결과서'!$AI$23:$AI$72,MATCH(B28,측정항목,0)))),"불검출",FIXED(INDEX('대기측정 분석결과서'!$F$23:$I$72,MATCH(B28,측정항목,0),1),INDEX('대기측정 분석결과서'!$AI$23:$AI$72,MATCH(B28,항목,0)))))) | O28: =IF(B28="","",INDEX('대기측정 분석결과서'!$Z$23:$Z$72,MATCH(B28,측정항목,0))) | S28: =IF(B28="","",INDEX('대기측정 분석결과서'!$M$23:$M$72,MATCH(B28,항목,0)))
F29: =IF(B29="","","??") | H29: =IF(B29="","",INDEX('대기측정 분석결과서'!$AH$23:$AH$72,MATCH(B29,측정항목,0))) | I29: =IF(B29="","",IF(INDEX('대기측정 분석결과서'!$F$23:$I$72,MATCH(B29,측정항목,0),1)="","값없음",IF(ISERROR(FIXED(IF(INDEX('대기측정 분석결과서'!$F$23:$I$72,MATCH(B29,측정항목,0),1)<INDEX('대기측정 분석결과서'!$AG$23:$AG$72,MATCH(B29,측정항목,0),1),"불검출",INDEX('대기측정 분석결과서'!$F$23:$I$72,MATCH(B29,측정항목,0),1)),INDEX('대기측정 분석결과서'!$AI$23:$AI$72,MATCH(B29,측정항목,0)))),"불검출",FIXED(INDEX('대기측정 분석결과서'!$F$23:$I$72,MATCH(B29,측정항목,0),1),INDEX('대기측정 분석결과서'!$AI$23:$AI$72,MATCH(B29,항목,0)))))) | O29: =IF(B29="","",INDEX('대기측정 분석결과서'!$Z$23:$Z$72,MATCH(B29,측정항목,0))) | S29: =IF(B29="","",INDEX('대기측정 분석결과서'!$M$23:$M$72,MATCH(B29,항목,0)))
B30: 분 석 기 간 | F30: ='대기측정 분석결과서'!U8 -> 2026-02-06 ~ 1900-01-00 | L30: 분석책임자 | O30: ='대기측정 분석결과서'!U9 -> 이 나 영 | T30: (인)
A31: ⑥ 종 합 의 견 | H31: 배 출 허 용 기 준 | M31: 부적합 | Q31: .
A33: 위와 같이 측정분석결과를 사실대로 기록합니다.
K34: =YEAR('먼지측정 사전 Data'!R6) -> 2026 | M34: 년 | O34: =MONTH('먼지측정 사전 Data'!R6) -> 2 | P34: 월 | R34: =DAY('먼지측정 사전 Data'!R6) -> 13 | S34: 일
C35: 상 호 | G35: 한 국 종 합 환 경 산 업 ㈜
C36: 소재지 및 연락처 | G36: 부산광역시 강서구 대저중앙로394번가길 56(대저1동), 051-555-6511 | X36: 발행일
C37: 대 표 자 성 명 | G37: 김항재 | Q37: (서명 또는 인)
A38: ※ 본 성적서는 KS Q ISO/IEC 17025 및 KOLAS 인정과 관련이 없음.
A39: ※ 의뢰사항과 관련이 없는 란의 경우 “-”으로 기재됩니다.
EA45: 18. | EB45: 염화바이닐
EA46: 19. | EB46: 1,3-뷰타다이엔
EA47: 20. | EB47: 다이클로로메테인
EA48: 21. | EB48: 아크릴로나이트릴
EA49: 22. | EB49: 클로로폼
EA50: 23. | EB50: 사염화탄소
EA51: 24. | EB51: 벤젠
EA52: 25. | EB52: 1,2-다이클로로에테인
EA53: 26. | EB53: 트라이클로로에틸렌
EA54: 27. | EB54: 톨루엔
EA55: 28. | EB55: 테트라클로로에틸렌
EA56: 29. | EB56: 에틸벤젠
... EA63: 35. | EB63: 아크롤레인

Sheet 한종_측정기록부(보일러)사용X
A1: [별지 제21호 서식]
A2: 대 기 측 정 기 록 부
A3: ①의뢰인 | B3: 상 호 (기관명) | F3: ='대기측정 분석결과서'!E4 -> 0 | L3: ② 일 반 현 황 | M3: 업 종 | P3: ='대기측정 분석결과서'!L6 -> 0 | V3: 기술인력
B4: 소 재 지 (주 소) | F4: ='대기측정 분석결과서'!E5 -> 0 | M4: 종 별 | P4: ='대기측정 분석결과서'!E10 -> 0 | V4: 맹호수 | X4: 박민우 | Z4: 이동협 | AB4: 정우창 | AD4: 신민석 | AF4: 강민수 | AH4: 이영철 | AJ4: 강민석
B5: 대 표 자 (의뢰인) | F5: ='대기측정 분석결과서'!E6 -> 0 | M5: 주생산품 | P5: ='대기측정 분석결과서'!L9 -> 자동차
B6: 환 경 기 술 인 | F6: ='대기측정 분석결과서'!E7 -> 여 형 석
A7: ③의뢰내용 | B7: 측 정 용 도 | F7: ="자가 측정용" -> 자가 측정용 | V7: 품책 | X7: 대기기책 | AB7: 현재분책
B8: 대 상 의 명 칭 ( 측 정 지 점 ) | G8: 굴뚝 명칭 | O8: 굴뚝 종별 | V8: 진수일 | X8: 이나영 | AB8: 이나영 | AF8: 김태우 | AH8: 백희석 | AJ8: 김인현
G9: ='대기측정 분석결과서'!E9&" "&"(KGAR-"&RIGHT(YEAR('먼지측정 사전 Data'!N6),2)&"-"&'먼지측정 사전 Data'!O4&")" -> (KGAR-26-) | P9: ='대기측정 분석결과서'!E11 -> 0 | S9: 종
B10: 의 뢰 항 목 | F10: ='대기측정 분석결과서'!U11 -> THC (총 1 항목)
A11: ④시료채취 | B11: 현 장 기 상 | F11: 기 상 | H11: 기 온 | J11: 습 도 | L11: 기 압 | O11: 풍 향 | R11: 풍 속 | T11: 수 분 량 | V11: *분석책임자 -> 기술책임자
F12: ='대기측정 분석결과서'!E17 -> 0 | H12: ='대기측정 분석결과서'!I17 -> 0 | I12: ℃ | J12: ='대기측정 분석결과서'!M17 -> 0 | K12: ％ | L12: ='대기측정 분석결과서'!Q17 -> 0 | N12: mmHg | O12: ='대기측정 분석결과서'!V17 -> 0 | Q12: 풍 | R12: ='대기측정 분석결과서'!AA17 -> 0 | S12: m/s | T12: =IF('먼지측정 사전 Data'!Q60=0,'시험일지(계산일지-1)'!F11,'시험일지(계산일지-1 포화)'!F11) -> #DIV/0! | V12: *측정기록부의 기술책임자란에는 분석책임자와 동일인물이 서명할 수 없으므로
B13: 배 출 가 스 | F13: 보정 전 유량 | I13: 보정 후 유량 | L13: 배출가스온도 | O13: 실측산소농도 | R13: 표준산소농도 | T13: 배출가스 속도 | V13: 품질책임자 서명이 들어감
F14: ='시험일지(계산일지-2)'!I11 -> #DIV/0! | H14: S㎥/hr | I14: ='시험일지(계산일지-2)'!H21 -> #DIV/0! | K14: S㎥/hr | L14: ='먼지측정 사전 Data'!R69 -> #DIV/0! | N14: ℃ | O14: ='먼지측정 사전 Data'!H14 -> 0 | Q14: ％ | R14: ='먼지측정 사전 Data'!R13 -> 20.9 | S14: ％ | T14: ='먼지측정 사전 Data'!R82 &" m/s" -> #DIV/0! | V14: 항목나열순서
B15: 굴 뚝 | F15: 굴뚝 높이(측정공) | L15: 7 | N15: m | O15: 굴뚝내경(측정공) | R15: =IF(LEN('한종_시료채취기록지 (사용X)'!E8)=1,'한종_시료채취기록지 (사용X)'!E8&".000 m",IF(LEN('한종_시료채취기록지 (사용X)'!E8)=3,'한종_시료채취기록지 (사용X)'!E8&"00 m",IF(LEN('한종_시료채취기록지 (사용X)'!E8)=4,'한종_시료채취기록지 (사용X)'!E8&"0 m",'한종_시료채취기록지 (사용X)'!E8&" m"))) -> #VALUE!
B16: 방 지 시 설 | F16: 명 칭 | L16: 대 상 물 질 | R16: 방 지 효 율
F17: ='대기측정 분석결과서'!H13 -> 0 | T17: % | AF17: 외 1명 복붙
B18: 채 취 일 시 | G18: ='먼지측정 사전 Data'!N5 -> 0 | L18: 시 료 채 취 자 | O18: ='대기측정 분석결과서'!U7 -> 0 | R18: (인), | S18: ='대기측정 분석결과서'!X7&" (인)" -> 0 (인) | AF18: 외 1명 (인)
A19: ⑤ 시 설 가 동 상 황 | B19: 배출시설 명칭 | F19: 측정당시 시간당 사용(생산)량 | R19: 방지시설 명칭
F20: 연료사용량 | H20: 제품생산량 | J20: 소각량 | L20: 원료투입량 | N20: 종류 | P20: 단위
B21: ='대기측정 분석결과서'!E9 -> 0 | F21: ='대기측정 분석결과서'!L11 -> - | N21: LNG | P21: ='대기측정 분석결과서'!N11 -> Kg/Hr | R21: =F17 -> 0
A22: ⑥측정분석결과 | B22: 측 정 항 목 | F22: 허용 기준 | I22: 측정분석값 | L22: 측정시간 (환경질에만 해당함) | O22: 측정분석방법 (기기명) | S22: 비고
B24: NOx | F24: 60(4) | H24: =IF(B24="","",INDEX('대기측정 분석결과서'!$AH$23:$AH$72,MATCH(B24,항목,0))) -> ppm | I24: =IF(B24="","",IF(INDEX('대기측정 분석결과서'!$F$23:$I$72,MATCH(B24,항목,0),1)="","값없음",IF(ISERROR(FIXED(IF(INDEX('대기측정 분석결과서'!$F$23:$I$72,MATCH(B24,항목,0),1)<INDEX('대기측정 분석결과서'!$AG$23:$AG$72,MATCH(B24,항목,0)),"불검출",INDEX('대기측정 분석결과서'!$F$23:$I$72,MATCH(B24,항목,0),1)),INDEX('대기측정 분석결과서'!$AI$23:$AI$72,MATCH(B24,항목,0)))),"불검출",FIXED(INDEX('대기측정 분석결과서'!$F$23:$I$72,MATCH(B24,항목,0),1),INDEX('대기측정 분석결과서'!$AI$23:$AI$72,MATCH(B24,항목,0)))))) -> 값없음 | O24: =IF(B24="","",INDEX('대기측정 분석결과서'!$Z$23:$Z$72,MATCH(B24,항목,0))) -> ES 01308.1b | S24: =IF(B24="","",INDEX('대기측정 분석결과서'!$M$23:$M$72,MATCH(B24,항목,0))) -> 자동측정법/자동연속장치
B25: 염화수소 | F25: =IF(B25="","","??") -> ?? | H25: =IF(B25="","",INDEX('대기측정 분석결과서'!$AH$23:$AH$72,MATCH(B25,항목,0))) -> ppm | I25: =IF(B25="","",IF(INDEX('대기측정 분석결과서'!$F$23:$I$72,MATCH(B25,항목,0),1)="","값없음",IF(ISERROR(FIXED(IF(INDEX('대기측정 분석결과서'!$F$23:$I$72,MATCH(B25,항목,0),1)<INDEX('대기측정 분석결과서'!$AG$23:$AG$72,MATCH(B25,항목,0)),"불검출",INDEX('대기측정 분석결과서'!$F$23:$I$72,MATCH(B25,항목,0),1)),INDEX('대기측정 분석결과서'!$AI$23:$AI$72,MATCH(B25,항목,0)))),"불검출",FIXED(INDEX('대기측정 분석결과서'!$F$23:$I$72,MATCH(B25,항목,0),1),INDEX('대기측정 분석결과서'!$AI$23:$AI$72,MATCH(B25,항목,0)))))) -> 값없음 | O25: =IF(B25="","",INDEX('대기측정 분석결과서'!$Z$23:$Z$72,MATCH(B25,항목,0))) -> ES 01305.2d | S25: =IF(B25="","",INDEX('대기측정 분석결과서'!$M$23:$M$72,MATCH(B25,항목,0))) -> 자외선가시선분광법-싸이오사이안산제이수은법
B26: 사이안화수소 | F26: =IF(B26="","","??") -> ?? | H26: =IF(B26="","",INDEX('대기측정 분석결과서'!$AH$23:$AH$72,MATCH(B26,항목,0))) -> ppm | I26: =IF(B26="","",IF(INDEX('대기측정 분석결과서'!$F$23:$I$72,MATCH(B26,항목,0),1)="","값없음",IF(ISERROR(FIXED(IF(INDEX('대기측정 분석결과서'!$F$23:$I$72,MATCH(B26,항목,0),1)<INDEX('대기측정 분석결과서'!$AG$23:$AG$72,MATCH(B26,항목,0)),"불검출",INDEX('대기측정 분석결과서'!$F$23:$I$72,MATCH(B26,항목,0),1)),INDEX('대기측정 분석결과서'!$AI$23:$AI$72,MATCH(B26,항목,0)))),"불검출",FIXED(INDEX('대기측정 분석결과서'!$F$23:$I$72,MATCH(B26,항목,0),1),INDEX('대기측정 분석결과서'!$AI$23:$AI$72,MATCH(B26,항목,0)))))) -> 값없음 | O26: =IF(B26="","",INDEX('대기측정 분석결과서'!$Z$23:$Z$72,MATCH(B26,항목,0))) -> ES 01312.1e | S26: =IF(B26="","",INDEX('대기측정 분석결과서'!$M$23:$M$72,MATCH(B26,항목,0))) -> 자외선/가시선분광법- 4-피리딘카복실산-피라졸론법
F27: =IF(B27="","","??") | H27: =IF(B27="","",INDEX('대기측정 분석결과서'!$AH$23:$AH$72,MATCH(B27,항목,0))) | I27: =IF(B27="","",IF(INDEX('대기측정 분석결과서'!$F$23:$I$72,MATCH(B27,항목,0),1)="","값없음",IF(ISERROR(FIXED(IF(INDEX('대기측정 분석결과서'!$F$23:$I$72,MATCH(B27,항목,0),1)<INDEX('대기측정 분석결과서'!$AG$23:$AG$72,MATCH(B27,항목,0)),"불검출",INDEX('대기측정 분석결과서'!$F$23:$I$72,MATCH(B27,항목,0),1)),INDEX('대기측정 분석결과서'!$AI$23:$AI$72,MATCH(B27,항목,0)))),"불검출",FIXED(INDEX('대기측정 분석결과서'!$F$23:$I$72,MATCH(B27,항목,0),1),INDEX('대기측정 분석결과서'!$AI$23:$AI$72,MATCH(B27,항목,0)))))) | O27: =IF(B27="","",INDEX('대기측정 분석결과서'!$Z$23:$Z$72,MATCH(B27,항목,0))) | S27: =IF(B27="","",INDEX('대기측정 분석결과서'!$M$23:$M$72,MATCH(B27,항목,0)))
F28: =IF(B28="","","??") | H28: =IF(B28="","",INDEX('대기측정 분석결과서'!$AH$23:$AH$72,MATCH(B28,항목,0))) | I28: =IF(B28="","",IF(INDEX('대기측정 분석결과서'!$F$23:$I$72,MATCH(B28,항목,0),1)="","값없음",IF(ISERROR(FIXED(IF(INDEX('대기측정 분석결과서'!$F$23:$I$72,MATCH(B28,항목,0),1)<INDEX('대기측정 분석결과서'!$AG$23:$AG$72,MATCH(B28,항목,0)),"불검출",INDEX('대기측정 분석결과서'!$F$23:$I$72,MATCH(B28,항목,0),1)),INDEX('대기측정 분석결과서'!$AI$23:$AI$72,MATCH(B28,항목,0)))),"불검출",FIXED(INDEX('대기측정 분석결과서'!$F$23:$I$72,MATCH(B28,항목,0),1),INDEX('대기측정 분석결과서'!$AI$23:$AI$72,MATCH(B28,항목,0)))))) | O28: =IF(B28="","",INDEX('대기측정 분석결과서'!$Z$23:$Z$72,MATCH(B28,항목,0))) | S28: =IF(B28="","",INDEX('대기측정 분석결과서'!$M$23:$M$72,MATCH(B28,항목,0)))
F29: =IF(B29="","","??") | H29: =IF(B29="","",INDEX('대기측정 분석결과서'!$AH$23:$AH$72,MATCH(B29,항목,0))) | I29: =IF(B29="","",IF(INDEX('대기측정 분석결과서'!$F$23:$I$72,MATCH(B29,항목,0),1)="","값없음",IF(ISERROR(FIXED(IF(INDEX('대기측정 분석결과서'!$F$23:$I$72,MATCH(B29,항목,0),1)<INDEX('대기측정 분석결과서'!$AG$23:$AG$72,MATCH(B29,항목,0)),"불검출",INDEX('대기측정 분석결과서'!$F$23:$I$72,MATCH(B29,항목,0),1)),INDEX('대기측정 분석결과서'!$AI$23:$AI$72,MATCH(B29,항목,0)))),"불검출",FIXED(INDEX('대기측정 분석결과서'!$F$23:$I$72,MATCH(B29,항목,0),1),INDEX('대기측정 분석결과서'!$AI$23:$AI$72,MATCH(B29,항목,0)))))) | O29: =IF(B29="","",INDEX('대기측정 분석결과서'!$Z$23:$Z$72,MATCH(B29,항목,0))) | S29: =IF(B29="","",INDEX('대기측정 분석결과서'!$M$23:$M$72,MATCH(B29,항목,0)))
F30: =IF(B30="","","??") | H30: =IF(B30="","",INDEX('대기측정 분석결과서'!$AH$23:$AH$72,MATCH(B30,항목,0))) | I30: =IF(B30="","",IF(INDEX('대기측정 분석결과서'!$F$23:$I$72,MATCH(B30,항목,0),1)="","값없음",IF(ISERROR(FIXED(IF(INDEX('대기측정 분석결과서'!$F$23:$I$72,MATCH(B30,항목,0),1)<INDEX('대기측정 분석결과서'!$AG$23:$AG$72,MATCH(B30,항목,0)),"불검출",INDEX('대기측정 분석결과서'!$F$23:$I$72,MATCH(B30,항목,0),1)),INDEX('대기측정 분석결과서'!$AI$23:$AI$72,MATCH(B30,항목,0)))),"불검출",FIXED(INDEX('대기측정 분석결과서'!$F$23:$I$72,MATCH(B30,항목,0),1),INDEX('대기측정 분석결과서'!$AI$23:$AI$72,MATCH(B30,항목,0)))))) | O30: =IF(B30="","",INDEX('대기측정 분석결과서'!$Z$23:$Z$72,MATCH(B30,항목,0))) | S30: =IF(B30="","",INDEX('대기측정 분석결과서'!$M$23:$M$72,MATCH(B30,항목,0)))
F31: =IF(B31="","","??") | H31: =IF(B31="","",INDEX('대기측정 분석결과서'!$AH$23:$AH$72,MATCH(B31,항목,0))) | I31: =IF(B31="","",IF(INDEX('대기측정 분석결과서'!$F$23:$I$72,MATCH(B31,항목,0),1)="","값없음",IF(ISERROR(FIXED(IF(INDEX('대기측정 분석결과서'!$F$23:$I$72,MATCH(B31,항목,0),1)<INDEX('대기측정 분석결과서'!$AG$23:$AG$72,MATCH(B31,항목,0)),"불검출",INDEX('대기측정 분석결과서'!$F$23:$I$72,MATCH(B31,항목,0),1)),INDEX('대기측정 분석결과서'!$AI$23:$AI$72,MATCH(B31,항목,0)))),"불검출",FIXED(INDEX('대기측정 분석결과서'!$F$23:$I$72,MATCH(B31,항목,0),1),INDEX('대기측정 분석결과서'!$AI$23:$AI$72,MATCH(B31,항목,0)))))) | O31: =IF(B31="","",INDEX('대기측정 분석결과서'!$Z$23:$Z$72,MATCH(B31,항목,0))) | S31: =IF(B31="","",INDEX('대기측정 분석결과서'!$M$23:$M$72,MATCH(B31,항목,0)))
B32: 분 석 기 간 | F32: ='먼지측정 사전 Data'!H5 -> 2026-02-06 ~ 1900-01-00 | M32: 분석책임자 | Q32: ='대기측정 분석결과서'!U9 -> 이 나 영 | T32: (인)
A33: ⑦ 종 합 의 견 | H33: 배 출 허 용 기 준 | L33: 부적합 | Q33: .
A34: 위와 같이 측정분석결과를 사실대로 기록합니다.
K35: =YEAR('먼지측정 사전 Data'!R6) -> 2026 | M35: 년 | O35: =MONTH('먼지측정 사전 Data'!R6) -> 2 | P35: 월 | R35: =DAY('먼지측정 사전 Data'!R6) -> 13 | S35: 일
C36: 상 호 | G36: 한 국 종 합 환 경 산 업 ㈜
C37: 소재지 및 연락처 | G37: 부산광역시 강서구 대저중앙로394번가길 56(대저1동), 051-555-6511
C38: 대 표 자 성 명 | G38: 김항재 | R38: (서명 또는 인) | W38: 발행일 | Z38: 45638
A39: ※ 본 성적서는 KS Q ISO/IEC 17025 및 KOLAS 인정과 관련이 없음.
A40: ※ 의뢰사항과 관련이 없는 난의 경우 “-”으로 기재됩니다.
A41: ※ 액체연료는 황함유량을 ( )안에 %단위로 표기하여 주시기 바랍니다.

Sheet 한종_시료채취기록지 (사용X)
A1: 대 기 시 료 채 취 기 록 지
T2: 접수번호: | V2: ='먼지측정 사전 Data'!O4 -> 0 | W2: =IF('먼지측정 사전 Data'!P4="","",'먼지측정 사전 Data'!P4) | Z2: 가스상
A3: 업 체 명 : | E3: ='대기측정 분석결과서'!E4 -> 0 | J3: 굴뚝단면 및 측정점 배열 | P3: 대기온도 (℃) : | S3: ='먼지측정 사전 Data'!L8 -> 0 | U3: 습 도 (%) : | W3: ='먼지측정 사전 Data'!N8 -> 0 | Z3: 먼지
A4: 배출시설 : | E4: ='대기측정 분석결과서'!E9 -> 0 | P4: 풍 향 (풍) : | S4: ='먼지측정 사전 Data'!O8 -> 0 | U4: 날 씨 : | W4: ='먼지측정 사전 Data'!J8 -> 0 | Z4: 중금속
A5: 방지시설명 : | E5: ='대기측정 분석결과서'!H13 -> 0 | P5: 풍 속 (m/s) : | S5: ='먼지측정 사전 Data'!P8 -> 0 | U5: 피토우관계수 : | W5: ='먼지측정 사전 Data'!H65 -> 0 | Z5: 수은 | AC5: 맹호수 | AE5: 박민우 | AG5: 이동협 | AI5: 정우창 | AK5: 신민석 | AM5: 강민수 | AO5: 이영철 | AQ5: 강민석
A6: 측 정 일 : | E6: ='대기측정 분석결과서'!Z1 -> 0 | P6: 측정공 위치의 기압 (mmHg) : | V6: ='먼지측정 사전 Data'!H20 -> 0 | Z6: PM-10
A7: 측 정 시 간 : | E7: =IF('먼지측정 사전 Data'!H6<10,"0"&'먼지측정 사전 Data'!H6,'먼지측정 사전 Data'!H6) -> 0 | F7: =IF('먼지측정 사전 Data'!I6<10," : 0"&'먼지측정 사전 Data'!I6," : "&'먼지측정 사전 Data'!I6) -> : 0 | G7: ~ | H7: =IF('먼지측정 사전 Data'!K6<10,"0"&'먼지측정 사전 Data'!K6&" :",'먼지측정 사전 Data'!K6&" :") -> 0 : | I7: =IF('먼지측정 사전 Data'!L6<10,"0"&'먼지측정 사전 Data'!L6,'먼지측정 사전 Data'!L6) -> 0 | P7: ΔH : | R7: ='먼지측정 사전 Data'!H63 -> 0 | U7: YD : | V7: ='먼지측정 사전 Data'!H64 -> 0 | Z7: PM-2.5
A8: 연도 직경(m) : | E8: =IF('먼지측정 사전 Data'!D31>0, TEXT('먼지측정 사전 Data'!D31, "0.000"), TEXT(VALUE(TRIM(CLEAN('먼지측정 사전 Data'!D33))), "0.000") & " X " & TEXT(VALUE(TRIM(CLEAN('먼지측정 사전 Data'!E33))), "0.000") ) -> #VALUE! | J8: 연도 벽면으로부터 (cm) | P8: 가스흡입량 : | U8: =IF(COUNT('먼지측정 사전 Data'!H72)=0,"-",ROUND('먼지측정 사전 Data'!L94,3)) -> - | W8: Sm3
A9: 연도 면적(㎡) : | E9: ='먼지측정 사전 Data'!K31 -> 0 | J9: 1지점. | L9: =IF('먼지측정 사전 Data'!D31=0,'먼지측정 사전 Data'!E33*50,IF(AND('먼지측정 사전 Data'!D31>0,'먼지측정 사전 Data'!D31<0.5641),'먼지측정 사전 Data'!D39*100,(IF(AND('먼지측정 사전 Data'!D31>0.564,'먼지측정 사전 Data'!D31<=1),'먼지측정 사전 Data'!D40*100,(IF(AND('먼지측정 사전 Data'!D31>1,'먼지측정 사전 Data'!D31<=2),'먼지측정 사전 Data'!D41*100,IF(AND('먼지측정 사전 Data'!D31>2,'먼지측정 사전 Data'!D31<=4),'먼지측정 사전 Data'!D42*100,IF(AND('먼지측정 사전 Data'!D31>4,'먼지측정 사전 Data'!D31<=4.5),'먼지측정 사전 Data'!D43*100,IF('먼지측정 사전 Data'!D31>4.5,'먼지측정 사전 Data'!D44*100,""))))))))) -> 0 | P9: O2(%) : | S9: ='먼지측정 사전 Data'!H14 -> 0 | U9: CO2(%) : | W9: ='먼지측정 사전 Data'!H16 -> 0
A10: 측정여지 번호: | E10: =IF(COUNT('먼지측정 사전 Data'!H72)=0,"-","측정 "&'먼지측정 사전 Data'!A95&" , "&"바탕 "&'먼지측정 사전 Data'!A97) -> - | J10: 2지점. | L10: =IF('먼지측정 사전 Data'!D31<=1,"",IF(AND('먼지측정 사전 Data'!D31>0.564,'먼지측정 사전 Data'!D31<=1),'먼지측정 사전 Data'!F40*100,(IF(AND('먼지측정 사전 Data'!D31>1,'먼지측정 사전 Data'!D31<=2),'먼지측정 사전 Data'!F41*100,IF(AND('먼지측정 사전 Data'!D31>2,'먼지측정 사전 Data'!D31<=4),'먼지측정 사전 Data'!F42*100,IF(AND('먼지측정 사전 Data'!D31>4,'먼지측정 사전 Data'!D31<=4.5),'먼지측정 사전 Data'!F43*100,IF('먼지측정 사전 Data'!D31>4.5,'먼지측정 사전 Data'!F44*100,0))))))) | P10: 누출검사 확인: | S10: =IF(COUNT('먼지측정 사전 Data'!H72)=0,"-",(VLOOKUP(R7,'피토관,노즐표'!G38:H44,2,FALSE))) -> - | U10: 배출가스정압 (mmHg) : | W10: ='먼지측정 사전 Data'!U71 -> #DIV/0! | Z10: mmHg
A11: 기술책임자 확인 : | E11: 이 나 영 | H11: (서명) | J11: 3지점. | L11: =IF('먼지측정 사전 Data'!D31<=2,"",IF(AND('먼지측정 사전 Data'!D31>0.564,'먼지측정 사전 Data'!D31<=1),'먼지측정 사전 Data'!I40*100,(IF(AND('먼지측정 사전 Data'!D31>1,'먼지측정 사전 Data'!D31<=2),'먼지측정 사전 Data'!I41*100,IF(AND('먼지측정 사전 Data'!D31>2,'먼지측정 사전 Data'!D31<=4),'먼지측정 사전 Data'!I42*100,IF(AND('먼지측정 사전 Data'!D31>4,'먼지측정 사전 Data'!D31<=4.5),'먼지측정 사전 Data'!I43*100,IF('먼지측정 사전 Data'!D31>4.5,'먼지측정 사전 Data'!I44*100,0))))))) | P11: 흡인노즐 (mm) : | U11: =IF(COUNT('먼지측정 사전 Data'!H72)=0,"-",'먼지측정 사전 Data'!R84*10) -> - | Z11: inchHg
A12: 시료채취자 확인 : | E12: ='대기측정 분석결과서'!U7 -> 0 | H12: (서명) | J12: 4지점. | L12: =IF('먼지측정 사전 Data'!D31<=4,"",IF(AND('먼지측정 사전 Data'!D31>0.564,'먼지측정 사전 Data'!D31<=1),'먼지측정 사전 Data'!K40*100,(IF(AND('먼지측정 사전 Data'!D31>1,'먼지측정 사전 Data'!D31<=2),'먼지측정 사전 Data'!K41*100,IF(AND('먼지측정 사전 Data'!D31>2,'먼지측정 사전 Data'!D31<=4),'먼지측정 사전 Data'!K42*100,IF(AND('먼지측정 사전 Data'!D31>4,'먼지측정 사전 Data'!D31<=4.5),'먼지측정 사전 Data'!K43*100,IF('먼지측정 사전 Data'!D31>4.5,'먼지측정 사전 Data'!K44*100,0))))))) | P12: 노즐단면적 (㎠) : | U12: =IF(COUNT('먼지측정 사전 Data'!H72)=0,"-",'먼지측정 사전 Data'!U84) -> -
E13: =IF('한종_측정기록부 (사용X)'!Q19="외 1명 (인)","-",'대기측정 분석결과서'!X7) -> 0 | H13: =IF('한종_측정기록부 (사용X)'!Q19="외 1명 (인)","-","(서명)") -> (서명)
A14: 시료채취입회자 (환경기술인) | E14: 우 여 주 | H14: (서명) | J14: 5지점. | L14: =IF('먼지측정 사전 Data'!D31<=4.5,"",'먼지측정 사전 Data'!M44*100) | P14: 등속흡인계수 (%) : | U14: =IF(COUNT('먼지측정 사전 Data'!H72)=0,"-",'먼지측정 사전 Data'!R87) -> - | Z14: 15
A15: [입자상 물질] | Z15: 381
A17: 채취점 | C17: 채취 | E17: 진 공 압 | G17: 배출가스 | I17: 배출가스 | K17: 온 도(℃) | N17: K-Factor | P17: 오리피스 | R17: 여과지 홀더 온도 (℃) | T17: 최종임핀저 출구 온도 (℃) | V17: 채취 전 | W17: =IF(COUNT('먼지측정 사전 Data'!H72)=0,"",IF('먼지측정 사전 Data'!U78=1,'먼지측정 사전 Data'!H78,'먼지측정 사전 Data'!H78*1000))
A18: 번호 | C18: 시간 (분) | E18: (mmHg) | G18: 정 압 | I18: 동 압 | K18: Ts | L18: Tm (in) | M18: Tm (out) | P18: 압 차 (mmH2O) | V18: 채취 후 | W18: =IF('먼지측정 사전 Data'!U78=1,"채취량(Ft3)","채취량(L)") -> 채취량(L)
A19: 1번 | C19: =IF(COUNT('먼지측정 사전 Data'!H72)=0,"",'먼지측정 사전 Data'!H75) | E19: =IF(COUNT('먼지측정 사전 Data'!H72)=0,"",'먼지측정 사전 Data'!H88) | G19: ='먼지측정 사전 Data'!H71 -> 0 | I19: ='먼지측정 사전 Data'!H70 -> 0 | K19: ='먼지측정 사전 Data'!H69 -> 0 | L19: =IF(COUNT('먼지측정 사전 Data'!H72)=0,"",'먼지측정 사전 Data'!H72) | M19: =IF(COUNT('먼지측정 사전 Data'!H72)=0,"",'먼지측정 사전 Data'!H73) | N19: =IF(COUNT('먼지측정 사전 Data'!H72)=0,"",'먼지측정 사전 Data'!H85) | P19: =IF(COUNT('먼지측정 사전 Data'!H72)=0,"",'먼지측정 사전 Data'!H86) | R19: =IF(COUNT('먼지측정 사전 Data'!H72)=0,"",'먼지측정 사전 Data'!H69) | T19: =IF(COUNT('먼지측정 사전 Data'!H72)=0,"",'먼지측정 사전 Data'!H89) | V19: =IF(COUNT('먼지측정 사전 Data'!H72)=0,"",IF('먼지측정 사전 Data'!U78=1,'먼지측정 사전 Data'!H79,'먼지측정 사전 Data'!H79*1000)) | W19: =IF(COUNT('먼지측정 사전 Data'!H72)=0,"",IF('먼지측정 사전 Data'!U78=1,(V19-W17),'먼지측정 사전 Data'!H80*1000))
A20: 2번 | C20: =IF(COUNT('먼지측정 사전 Data'!J72)=0,"",'먼지측정 사전 Data'!J75) | E20: =IF(COUNT('먼지측정 사전 Data'!J72)=0,"",'먼지측정 사전 Data'!J88) | G20: =IF(COUNT('먼지측정 사전 Data'!J70)=0,"",'먼지측정 사전 Data'!J71) | I20: =IF(COUNT('먼지측정 사전 Data'!J70)=0,"",'먼지측정 사전 Data'!J70) | K20: =IF(COUNT('먼지측정 사전 Data'!J70)=0,"",'먼지측정 사전 Data'!J69) | L20: =IF(COUNT('먼지측정 사전 Data'!J72)=0,"",'먼지측정 사전 Data'!J72) | M20: =IF(COUNT('먼지측정 사전 Data'!J72)=0,"",'먼지측정 사전 Data'!J73) | N20: =IF(COUNT('먼지측정 사전 Data'!J72)=0,"",'먼지측정 사전 Data'!J85) | P20: =IF(COUNT('먼지측정 사전 Data'!J72)=0,"",'먼지측정 사전 Data'!J86) | R20: =IF(COUNT('먼지측정 사전 Data'!J72)=0,"",'먼지측정 사전 Data'!J69) | T20: =IF(COUNT('먼지측정 사전 Data'!J72)=0,"",'먼지측정 사전 Data'!J89) | V20: =IF(COUNT('먼지측정 사전 Data'!J72)=0,"",IF('먼지측정 사전 Data'!U78=1,'먼지측정 사전 Data'!J79,'먼지측정 사전 Data'!J79*1000)) | W20: =IF(COUNT('먼지측정 사전 Data'!J72)=0,"",IF('먼지측정 사전 Data'!U78=1,(V20-V19),'먼지측정 사전 Data'!J80*1000))
A21: 3번 | C21: =IF(COUNT('먼지측정 사전 Data'!L72)=0,"",'먼지측정 사전 Data'!L75) | E21: =IF(COUNT('먼지측정 사전 Data'!L72)=0,"",'먼지측정 사전 Data'!L88) | G21: =IF(COUNT('먼지측정 사전 Data'!L70)=0,"",'먼지측정 사전 Data'!L71) | I21: =IF(COUNT('먼지측정 사전 Data'!L70)=0,"",'먼지측정 사전 Data'!L70) | K21: =IF(COUNT('먼지측정 사전 Data'!L70)=0,"",'먼지측정 사전 Data'!L69) | L21: =IF(COUNT('먼지측정 사전 Data'!L72)=0,"",'먼지측정 사전 Data'!L72) | M21: =IF(COUNT('먼지측정 사전 Data'!L72)=0,"",'먼지측정 사전 Data'!L73) | N21: =IF(COUNT('먼지측정 사전 Data'!L72)=0,"",'먼지측정 사전 Data'!L85) | P21: =IF(COUNT('먼지측정 사전 Data'!L72)=0,"",'먼지측정 사전 Data'!L86) | R21: =IF(COUNT('먼지측정 사전 Data'!L72)=0,"",'먼지측정 사전 Data'!L69) | T21: =IF(COUNT('먼지측정 사전 Data'!L72)=0,"",'먼지측정 사전 Data'!L89) | V21: =IF(COUNT('먼지측정 사전 Data'!L72)=0,"",IF('먼지측정 사전 Data'!U78=1,'먼지측정 사전 Data'!L79,'먼지측정 사전 Data'!L79*1000)) | W21: =IF(COUNT('먼지측정 사전 Data'!L72)=0,"",IF('먼지측정 사전 Data'!U78=1,(V21-V20),'먼지측정 사전 Data'!L80*1000))
A22: 4번 | C22: =IF(COUNT('먼지측정 사전 Data'!N72)=0,"",'먼지측정 사전 Data'!N75) | E22: =IF(COUNT('먼지측정 사전 Data'!N72)=0,"",'먼지측정 사전 Data'!N88) | G22: =IF(COUNT('먼지측정 사전 Data'!N70)=0,"",'먼지측정 사전 Data'!N71) | I22: =IF(COUNT('먼지측정 사전 Data'!N70)=0,"",'먼지측정 사전 Data'!N70) | K22: =IF(COUNT('먼지측정 사전 Data'!N70)=0,"",'먼지측정 사전 Data'!N69) | L22: =IF(COUNT('먼지측정 사전 Data'!N72)=0,"",'먼지측정 사전 Data'!N72) | M22: =IF(COUNT('먼지측정 사전 Data'!N72)=0,"",'먼지측정 사전 Data'!N73) | N22: =IF(COUNT('먼지측정 사전 Data'!N72)=0,"",'먼지측정 사전 Data'!N85) | P22: =IF(COUNT('먼지측정 사전 Data'!N72)=0,"",'먼지측정 사전 Data'!N86) | R22: =IF(COUNT('먼지측정 사전 Data'!N72)=0,"",'먼지측정 사전 Data'!N69) | T22: =IF(COUNT('먼지측정 사전 Data'!N72)=0,"",'먼지측정 사전 Data'!N89) | V22: =IF(COUNT('먼지측정 사전 Data'!N72)=0,"",IF('먼지측정 사전 Data'!U78=1,'먼지측정 사전 Data'!N79,'먼지측정 사전 Data'!N79*1000)) | W22: =IF(COUNT('먼지측정 사전 Data'!N72)=0,"",IF('먼지측정 사전 Data'!U78=1,(V22-V21),'먼지측정 사전 Data'!N80*1000))
A23: 5번 | C23: =IF(COUNT('먼지측정 사전 Data'!P72)=0,"",'먼지측정 사전 Data'!P75) | E23: =IF(COUNT('먼지측정 사전 Data'!P72)=0,"",'먼지측정 사전 Data'!P88) | G23: =IF(COUNT('먼지측정 사전 Data'!P70)=0,"",'먼지측정 사전 Data'!P71) | I23: =IF(COUNT('먼지측정 사전 Data'!P70)=0,"",'먼지측정 사전 Data'!P70) | K23: =IF(COUNT('먼지측정 사전 Data'!P70)=0,"",'먼지측정 사전 Data'!P69) | L23: =IF(COUNT('먼지측정 사전 Data'!P72)=0,"",'먼지측정 사전 Data'!P72) | M23: =IF(COUNT('먼지측정 사전 Data'!P72)=0,"",'먼지측정 사전 Data'!P73) | N23: =IF(COUNT('먼지측정 사전 Data'!P72)=0,"",'먼지측정 사전 Data'!P85) | P23: =IF(COUNT('먼지측정 사전 Data'!P72)=0,"",'먼지측정 사전 Data'!P86) | R23: =IF(COUNT('먼지측정 사전 Data'!P72)=0,"",'먼지측정 사전 Data'!P69) | T23: =IF(COUNT('먼지측정 사전 Data'!P72)=0,"",'먼지측정 사전 Data'!P89) | V23: =IF(COUNT('먼지측정 사전 Data'!P72)=0,"",IF('먼지측정 사전 Data'!U78=1,'먼지측정 사전 Data'!P79,'먼지측정 사전 Data'!P79*1000)) | W23: =IF(COUNT('먼지측정 사전 Data'!P72)=0,"",IF('먼지측정 사전 Data'!U78=1,(V23-V22),'먼지측정 사전 Data'!P80*1000))
A24: 합 계 | C24: =IF(COUNT('먼지측정 사전 Data'!H72)=0,"",SUM(C19:D23)) | E24: =IF(COUNT('먼지측정 사전 Data'!H72)=0,"",SUM(E19:F23)) | G24: =SUM(G19:H23) -> 0 | I24: =SUM(I19:J23) -> 0 | K24: =SUM(K19:K23) -> 0 | L24: =IF(COUNT('먼지측정 사전 Data'!H72)=0,"",SUM(L19:L23)) | M24: =IF(COUNT('먼지측정 사전 Data'!H72)=0,"",SUM(M19:M23)) | N24: =IF(COUNT('먼지측정 사전 Data'!H72)=0,"",SUM(N19:O23)) | P24: =IF(COUNT('먼지측정 사전 Data'!H72)=0,"",SUM(P19:Q23)) | R24: =IF(COUNT('먼지측정 사전 Data'!H72)=0,"",SUM(R19:S23)) | T24: =IF(COUNT('먼지측정 사전 Data'!H72)=0,"",SUM(T19:U23)) | W24: =IF(COUNT('먼지측정 사전 Data'!H72)=0,"",SUM(W19:W23))
A25: 평 균 | E25: =IF(COUNT('먼지측정 사전 Data'!H72)=0,"",AVERAGE(E19:F23)) | G25: =AVERAGE(G19:H23) -> 0 | I25: =AVERAGE(I19:J23) -> 0 | K25: =AVERAGE(K19:K23) -> 0 | L25: =IF(COUNT('먼지측정 사전 Data'!H72)=0,"",AVERAGE(L19:M23)) | N25: =IF(COUNT('먼지측정 사전 Data'!H72)=0,"",AVERAGE(N19:O23)) | P25: =IF(COUNT('먼지측정 사전 Data'!H72)=0,"",AVERAGE(P19:Q23)) | R25: =IF(COUNT('먼지측정 사전 Data'!H72)=0,"",AVERAGE(R19:S23)) | T25: =IF(COUNT('먼지측정 사전 Data'!H72)=0,"",AVERAGE(T19:U23))
A26: [수 분 ] | D26: 수분량(%) : | G26: ='먼지측정 사전 Data'!H59 -> #DIV/0! | J26: 배출가스온도(℃) : | N26: =IF('먼지측정 사전 Data'!Q60=0,"",K25) | R26: 포화수증기압 : | V26: =IF('먼지측정 사전 Data'!Q60=0,"",'포화수증기압 표 '!E4)
A27: 흡인유속 (L/min) | D27: 가스미터압 Pm(mmHg) | G27: 온 도(℃) | K27: 무수염화칼슘 | O27: 채 취 시 간 : | T27: =IF('먼지측정 사전 Data'!Q60=1,"",U29/A29) -> #DIV/0! | W27: 분
G28: Tm (in) | I28: Tm (out) | K28: 전 무게 | M28: 후 무게 | O28: 채취 전 | R28: 채취 후 | U28: 채취량(L)
A29: =IF('먼지측정 사전 Data'!Q60=1,"",'먼지측정 사전 Data'!H54) -> 0 | D29: =IF('먼지측정 사전 Data'!Q60=1,"",'먼지측정 사전 Data'!O55) -> 0.87 | G29: =IF('먼지측정 사전 Data'!Q60=1,"",'먼지측정 사전 Data'!H51) -> 0 | I29: =IF('먼지측정 사전 Data'!Q60=1,"",'먼지측정 사전 Data'!H52) -> 0 | K29: =IF('먼지측정 사전 Data'!Q60=1,"",'먼지측정 사전 Data'!H48) -> 0 | M29: =IF('먼지측정 사전 Data'!Q60=1,"",'먼지측정 사전 Data'!H49) -> 0 | O29: =IF('먼지측정 사전 Data'!Q60=1,"",'먼지측정 사전 Data'!H56) -> 0 | R29: =IF('먼지측정 사전 Data'!Q60=1,"",'먼지측정 사전 Data'!H57) -> 0 | U29: =IF('먼지측정 사전 Data'!Q60=1,"",'먼지측정 사전 Data'!H58) -> 0
A30: [가스상 및 VOCs 물질]
A31: 항 목 | D31: 흡인유속 (L/min) | F31: 가스미터압 Pm(mmHg) | H31: 온 도(℃) | L31: 채취전 | N31: 채취후 | P31: tube No. | T31: 채취량 (L) | V31: 매 연
H32: Tm (in) | J32: Tm (out) | P32: 현장바탕시료 | R32: 시료
D33: =IF(A33="","",IFERROR(VLOOKUP(A33,$AA$33:$AE$44,3,FALSE),"")) | J33: =IF(H33="","",H33) | T33: =IF(A33="VOCs-T",1,IF(A33="VOCs-A",1,IF(A33="VOCs",5,IF(L33="","",N33-L33)))) | V33: 1 | AA33: 암모니아 | AC33: 2 | AE33: 20
D34: =IF(A34="","",IFERROR(VLOOKUP(A34,$AA$33:$AE$44,3,FALSE),"")) | J34: =IF(H34="","",H34) | T34: =IF(A34="VOCs-T",1,IF(A34="VOCs-A",1,IF(A34="VOCs",5,IF(L34="","",N34-L34)))) | V34: 2 | AA34: 염화수소 | AC34: 1 | AE34: 40
D35: =IF(A35="","",IFERROR(VLOOKUP(A35,$AA$33:$AE$44,3,FALSE),"")) | J35: =IF(H35="","",H35) | T35: =IF(A35="VOCs-T",1,IF(A35="VOCs-A",1,IF(A35="VOCs",5,IF(L35="","",N35-L35)))) | V35: 3 | AA35: 이황화탄소 | AC35: 0.1 | AE35: 10
D36: =IF(A36="","",IFERROR(VLOOKUP(A36,$AA$33:$AE$44,3,FALSE),"")) | J36: =IF(H36="","",H36) | T36: =IF(A36="VOCs-T",1,IF(A36="VOCs-A",1,IF(A36="VOCs",5,IF(L36="","",N36-L36)))) | V36: 4 | AA36: 황화수소 | AC36: 1 | AE36: 20
D37: =IF(A37="","",IFERROR(VLOOKUP(A37,$AA$33:$AE$44,3,FALSE),"")) | J37: =IF(H37="","",H37) | T37: =IF(A37="VOCs-T",1,IF(A37="VOCs-A",1,IF(A37="VOCs",5,IF(L37="","",N37-L37)))) | V37: 5 | AA37: 플루오린화합물 | AC37: 1 | AE37: 80
D38: =IF(A38="","",IFERROR(VLOOKUP(A38,$AA$33:$AE$44,3,FALSE),"")) | J38: =IF(H38="","",H38) | T38: =IF(A38="VOCs-T",1,IF(A38="VOCs-A",1,IF(A38="VOCs",5,IF(L38="","",N38-L38)))) | AA38: 사이안화수소 | AC38: 1 | AE38: 10
D39: =IF(A39="","",IFERROR(VLOOKUP(A39,$AA$33:$AE$44,3,FALSE),"")) | J39: =IF(H39="","",H39) | T39: =IF(A39="VOCs-T",1,IF(A39="VOCs-A",1,IF(A39="VOCs",5,IF(L39="","",N39-L39)))) | AA39: 브로민화합물 | AC39: 1 | AE39: 40
D40: =IF(A40="","",IFERROR(VLOOKUP(A40,$AA$33:$AE$44,3,FALSE),"")) | J40: =IF(H40="","",H40) | T40: =IF(A40="VOCs-T",1,IF(A40="VOCs-A",1,IF(A40="VOCs",5,IF(L40="","",N40-L40)))) | AA40: 페놀화합물 | AC40: 1 | AE40: 20
D41: =IF(A41="","",IFERROR(VLOOKUP(A41,$AA$33:$AE$44,3,FALSE),"")) | J41: =IF(H41="","",H41) | T41: =IF(A41="VOCs-T",1,IF(A41="VOCs-A",1,IF(A41="VOCs",5,IF(L41="","",N41-L41)))) | AA41: 비소화합물 | AC41: 1
D42: =IF(A42="","",IFERROR(VLOOKUP(A42,$AA$33:$AE$44,3,FALSE),"")) | J42: =IF(H42="","",H42) | T42: =IF(A42="VOCs-T",1,IF(A42="VOCs-A",1,IF(A42="VOCs",5,IF(L42="","",N42-L42)))) | AA42: VOCs-T | AC42: 0.2 | AE42: 1
AA43: VOCs-A | AC43: 0.2 | AE43: 1
AA44: VOCs | AC44: 1 | AE44: 5
AA45: 이황화메틸
AA46: THC

Sheet 먼지 시료 채취 기록지 (2) (사용 X)
A1: 계 산 식
A3: 수분량(%)
M5: 22.4 | P5: ma
A6: Xw | C6: = | M6: 18 | W6: X | Y6: 100
D7: Vm | F7: X | G7: 273 | L7: X | M7: Pa | O7: + | P7: Pm | R7: + | S7: 22.4 | U7: ma
G8: 273 | I8: + | J8: Θm | M8: 760 | S8: 18
A10: 수분량 | E10: = | F10: ='먼지측정 사전 Data'!H59 -> #DIV/0! | K10: %
M11: 22.4 | P11: ='먼지측정 사전 Data'!H50 -> 0
A12: Xw | C12: = | M12: 18 | X12: X | Z12: 100
D13: ='먼지측정 사전 Data'!H58 -> 0 | G13: X | H13: 273 | M13: X | N13: ='먼지측정 사전 Data'!H20 -> 0 | P13: + | Q13: ='먼지측정 사전 Data'!O55 -> 0.87 | S13: + | T13: 22.4 | V13: =P11 -> 0
H14: 273 | J14: + | K14: ='먼지측정 사전 Data'!H53 -> 0 | N14: 760 | T14: 18
A15: 배출가스밀도 (kg/m3)
B17: r= | D17: roX | F17: 273 | I17: X | J17: Pa+ | L17: Ps
F18: 273+ | H18: Θs | J18: 760
B20: v= | D20: C | F20: 2gh
F21: r
B23: 임핀저와 실리카겔에 채취된 물의 총량(mL)
B25: Vic= | D25: VsX | F25: Xw | J25: X | K25: 18
F26: 100-Xw | K26: 22.4
B29: I(%)= | E29: Ts | F29: [0.00346 Vic+V'm/Tm(Pa+ΔH/13.6)] | R29: X | S29: (1.667X104)
F30: P's·t·v·An
B33: Qa= | E33: v x A | H33: X | I33: 273 | M33: X | N33: Pa + | P33: Ps | Q33: X | R33: ( | S33: 1- | T33: Xw | V33: ) | W33: X | X33: 3600
I34: 273 + | K34: Θs | N34: 760 | T34: 100
B36: Ca= | E36: md
E37: V'm X | H37: 273 | L37: X | M37: Pa+ΔH/13.6
H38: 273+ | J38: Θm | M38: 760
B42: C= | E42: Ca X | H42: 21- | J42: Os
H43: 21- | J43: Oa
B46: Q= | E46: Qa ÷ | H46: 21- | J46: Os
H47: 21- | J47: Oa
C50: Nozzle Size
D51: inch | G51: cm | J51: mm
C52: 4. | D52: 0.125 | G52: =D52*2.54 -> 0.3175 | J52: =G52*10 -> 3.175
C53: 6. | D53: 0.188 | G53: =D53*2.54 -> 0.47752 | J53: =G53*10 -> 4.7752
C54: 8. | D54: 0.25 | G54: =D54*2.54 -> 0.635 | J54: =G54*10 -> 6.35
C55: 10. | D55: 0.313 | G55: =D55*2.54 -> 0.79502 | J55: =G55*10 -> 7.9502
C56: 12. | D56: 0.375 | G56: =D56*2.54 -> 0.9525 | J56: =G56*10 -> 9.525
C57: 16. | D57: 0.5 | G57: =D57*2.54 -> 1.27 | J57: =G57*10 -> 12.7

Sheet THC 시험일지
A1: 총탄화수소 측정에 대한 시험일지 | M1: 작 성 | O1: 승 인
B3: 분석 물질 | D3: : | E3: THC | F3: (총탄화수소) | J3: 채 취 일 | L3: : | M3: ='먼지측정 사전 Data'!N5 -> 0
B4: 시 험 법 | D4: : | E4: =IF(E3="","",INDEX('대기측정 분석결과서'!$Z$23:$Z$72,MATCH(E3,측정항목,0))) -> ES 01507.1d | J4: 접 수 일 | L4: : | M4: ='먼지측정 사전 Data'!N6 -> 46059
B5: 기 기 명 | D5: : | E5: FID-9000 | J5: 시험기간 | L5: : | M5: =M3 -> 0
B6: 분 석 자 | D6: : | E6: ='옵티마 시험일지'!I6 | J6: 접수번호 | L6: : | M6: ='옵티마 시험일지'!I7 -> KGAR-26-0-0
A8: 업체명 | D8: 배출시설명 | I8: 측 정 항 목 | M8: 결과 | O8: 특이사항
M9: (ppm)
A10: ='대기측정 분석결과서'!E4 -> 0 | D10: ='대기측정 분석결과서'!E9&'대기측정 분석결과서'!H13 | I10: THC | M10: ='대기측정 분석결과서'!G28 -> 0
Q11: 후단 | S11: FID-9000
S12: TVA-2020
A37: < 측정방법 >
A38: 총탄화수소의 측정은 공정이 정상상태에서 30 분 동안 연속측정하고, 고정이나 작업 주기가 30분 이하인 경우에는 작업시간 동안 측정한다. 측정시간동안 15초 이하의 간격으로 측정결과를 저장하여 평균 측정결과를 나타내고 측정하는 동안에 필요한 사항과 공정중단이나 운전주기 등을 기록한다.

Sheet 먼지 시험일지
A1: 먼지 시험일지 | AM1: 작 성 | AR1: 승 인
D3: 분석 물질 | I3: : | J3: 먼지
D4: 시 험 법 | I4: : | J4: =IF(J3="","",INDEX('대기측정 분석결과서'!$Z$23:$Z$72,MATCH(J3,측정항목,0))) -> ES 01301.1e | AB4: 채 취 일 | AF4: : | AG4: ='먼지측정 사전 Data'!N5 -> 0
D5: 기 기 명 | I5: : | J5: ='대기측정 분석결과서'!M23 -> 반자동식 측정법/원통여지법 | AB5: 접 수 일 | AF5: : | AG5: ='먼지측정 사전 Data'!N6 -> 46059
D6: 분 석 자 | I6: : | J6: ='대기측정 분석결과서'!U9 -> 이 나 영 | AB6: 시험기간 | AF6: : | AG6: =TEXT(AG5,"yyyy.mm.dd")&"~"&TEXT(WORKDAY(AG5,3,$BD$10:$BD$17),"yyyy.mm.dd") -> 2026.02.06~2026.02.11
AL8: 무게 (g)
BC9: 2022년 공휴일(6월부터)
A10: 포집전 | AL10: =IF('먼지측정 사전 Data'!C95="","",'먼지측정 사전 Data'!C95) | BC10: 지방선거일 | BD10: 44713
A11: 포집후 | AL11: =IF('먼지측정 사전 Data'!E95="","",'먼지측정 사전 Data'!E95) | BC11: 현충일 | BD11: 44718
A12: 포집된먼지량(mda) | AL12: =IF(AL10="","",'먼지측정 사전 Data'!H95) | BC12: 광복절 | BD12: 44788
A13: 바탕여지의 무게차(mdb) | AL13: =IF(AL10="","",'먼지측정 사전 Data'!H97) | BC13: 추석 대체공휴일 | BD13: 44816
A14: 포집된 먼지량 - 바탕여지의 무게차(md) | AL14: =IF(AL11="","",'먼지측정 사전 Data'!H99)
A15: 시료명 | L15: 채취량(V'm) | Q15: 온도(θm) | U15: 대기압(Pa) | Y15: 오리피스압차(ΔH) | AF15: 표준산소농도(Os) | AL15: 실측산소농도(Oa) | AR15: 최종결과 | BC15: 개천절 | BD15: 44837
L16: (m3) | Q16: (℃) | U16: (mmHg) | Y16: (mmH2O) | AF16: (%) | AL16: (%) | AR16: mg/Sm3 | BC16: 한글날 대체공휴일 | BD16: 44844
A17: ='옵티마 시험일지'!I7 -> KGAR-26-0-0 | L17: =IF(AL12="","",'먼지측정 사전 Data'!R80) | Q17: =IF(AL12="","",'먼지측정 사전 Data'!R74) | U17: =IF(AL12="","",'먼지측정 사전 Data'!M9) | Y17: =IF(AL12="","",'먼지측정 사전 Data'!U86) | AF17: =IF('(구)계산일지2 사용X'!T27="","",'(구)계산일지2 사용X'!T27) | AL17: =IF('(구)계산일지2 사용X'!T28="","",'(구)계산일지2 사용X'!T28) | AR17: =IF('(구)계산일지2 사용X'!T27="",IF(AL10="","",ROUND((AL14*1000)/(L17*273/(273+Q17)*(U17+Y17)/760),1)),IF(AL10="","",ROUND((AL14*1000)/(L17*273/(273+Q17)*(U17+Y17)/760),1))*((21-AF17)/(21-AL17))) | BC17: 크리스마스 | BD17: 44920
B29: < 농도 계산 >
B30: Ca | C30: = | D30: md
D31: V'm | F31: x | G31: 273 | J31: x | K31: Pa + | M31: ΔH | O31: / | P31: 13.6
G32: 273 + θm | K32: 760
B33: < 표준산소농도 적용시 농도 계산 >
B34: C | C34: = | D34: Ca | F34: x | G34: 21 - Os
G35: 21 - Oa
B37: v : | D37: 배출가스 평균유속 (m/s) | Q37: A : | S37: 굴뚝 단면적(m2)
B38: θs : | D38: 배출가스 평균온도 (℃) | Q38: Pa : | S38: 대기압(mmHg)
B39: P's : | D39: 배출가스 평균정압(mmHg) | Q39: Xw : | S39: 배출가스 중의 수분량(%)
B40: md : | D40: 포집된 먼지량(mg) | Q40: V'm : | S40: 건식가스미터에서 읽은 가스시료 채취량(m3)
B41: θm : | D41: 건식가스미터의 평균온도(℃) | Q41: Pa : | S41: 측정공 위치의 대기압(mmHg)
B42: ΔH : | D42: 오리피스 압차(mmH2O)
B43: Os : | D43: 표준산소농도(%) | Q43: Oa : | S43: 실측산소농도(%)
B44: Ca : | D44: 실측오염물질농도(mg/Sm3 또는 ppm) | Q44: C : | S44: 표준산소농도 적용시의 농도(mg/Sm3 또는 ppm)
B46: < QC 관련 정보 > | AD46: < 기기 분석 조건 (기기에 한함) >
B47: QC 시료의 참값 | J47: :
B48: ICV 정확도 (%R) | J48: :
B49: CCV 정확도 (%R) | J49: :
B50: % R (% recovery) = 측정값 / 참값 x 100

Sheet (구)계산일지1 사용X
Z1: 작성 | AD1: 승인
A3: 계산일지1
B4: 분석 물질 | G4: : | H4: 대기오염배출시설 배출가스 | R4: 채 취 일 | V4: : | W4: ='대기측정 분석결과서'!Z1 -> 0
B5: 시 험 법 | G5: : | R5: 접 수 일 | V5: : | W5: =W4 -> 0
B6: 기 기 명 | G6: : | R6: 시험기간 | V6: : | W6: ='먼지측정 사전 Data'!H5 -> 2026-02-06 ~ 1900-01-00
B7: 분 석 자 | G7: : | H7: ='먼지측정 사전 Data'!H4 -> 0
A10: 계 산 식 | N10: 계 산
A11: 수분량(%) | O11: 수분량 = | Q11: =ROUND(22.4/18*X12*100/(Q14*273/(273+U15)*(Y14+AA14)/760+22.4/18*AF14),2) -> #DIV/0! | W11: %
F12: 22.4 | H12: ma | I12: x 100 | U12: 22.4 | V12: x | W12: ( | X12: ='먼지측정 사전 Data'!H50 -> 0 | Z12: ) | AA12: x 100
A13: Xw | B13: = | F13: 18 | N13: Xw | O13: = | U13: 18
C14: Vm | D14: x | E14: 273 | G14: x | H14: Pa + pm | J14: + | K14: 22.4 | M14: ma | P14: ( | Q14: ='먼지측정 사전 Data'!H58 -> 0 | R14: ) x | S14: 273 | W14: x | X14: ( | Y14: ='먼지측정 사전 Data'!H20 -> 0 | Z14: ) + ( | AA14: ='먼지측정 사전 Data'!O55 -> 0.87 | AB14: ) | AC14: + | AD14: 22.4 | AE14: ( | AF14: ='먼지측정 사전 Data'!H50 -> 0 | AG14: )
E15: 273+θm | H15: 760 | K15: 18 | S15: 273 + ( | U15: ='먼지측정 사전 Data'!H53 -> 0 | V15: ) | Y15: 760 | AD15: 18
A16: 배출가스밀도 | F16: (kg/m3) | N16: 배출가스밀도 | R16: = | S16: =ROUND(Q17*273/(273+U18)*(Y17+AA17)/760,3) -> #DIV/0! | V16: kg/m3 | AD16: ro | AE16: = | AF16: =ROUND('먼지측정 사전 Data'!R17,2) -> #DIV/0!
